2026-03-17 06:18:34,699 - main - INFO - Starting spoXpro Backend v1.0.0
2026-03-17 06:18:34,700 - main - INFO - Need inizializate DB
2026-03-17 06:18:40,612 - api - INFO - API Request: GET /auth/csrf-token
2026-03-17 06:18:40,614 - api - INFO - API Response: GET /auth/csrf-token - 200 (0.002s)
2026-03-17 06:18:40,623 - api - INFO - API Request: POST /auth/authorization
2026-03-17 06:18:40,639 - api - INFO - API Response: POST /auth/authorization - 400 (0.016s)
2026-03-17 06:18:43,932 - watchfiles.main - INFO - 1 change detected
2026-03-17 06:20:18,911 - main - INFO - Application shutdown completed
2026-03-17 06:20:28,971 - main - INFO - Starting spoXpro Backend v1.0.0
2026-03-17 06:20:28,972 - main - INFO - Need inizializate DB
2026-03-17 06:20:33,626 - api - INFO - API Request: GET /auth/csrf-token
2026-03-17 06:20:33,628 - api - INFO - API Response: GET /auth/csrf-token - 200 (0.003s)
2026-03-17 06:20:33,640 - api - INFO - API Request: POST /auth/authorization
2026-03-17 06:20:33,996 - api - INFO - API Response: POST /auth/authorization - 200 (0.356s)
2026-03-17 06:20:41,088 - api - INFO - API Request: GET /auth/check
2026-03-17 06:20:41,090 - api - INFO - API Response: GET /auth/check - 404 (0.002s)
2026-03-17 06:20:58,020 - api - INFO - API Request: GET /store/category
2026-03-17 06:20:58,021 - api - INFO - API Request: GET /basket/score_basket
2026-03-17 06:20:58,032 - api - INFO - API Response: GET /store/category - 200 (0.012s)
2026-03-17 06:20:58,033 - api - INFO - API Response: GET /basket/score_basket - 200 (0.012s)
2026-03-17 06:20:58,037 - api - INFO - API Request: GET /store/category
2026-03-17 06:20:58,043 - api - INFO - API Request: GET /basket/score_basket
2026-03-17 06:20:58,049 - api - INFO - API Response: GET /store/category - 200 (0.012s)
2026-03-17 06:20:58,052 - api - INFO - API Response: GET /basket/score_basket - 200 (0.009s)
2026-03-17 06:20:59,456 - api - INFO - API Request: GET /user/check
2026-03-17 06:20:59,458 - api - INFO - API Response: GET /user/check - 400 (0.002s)
2026-03-17 06:21:23,243 - api - INFO - API Request: GET /store/category
2026-03-17 06:21:23,247 - api - INFO - API Request: GET /basket/score_basket
2026-03-17 06:21:23,253 - api - INFO - API Response: GET /store/category - 200 (0.010s)
2026-03-17 06:21:23,257 - api - INFO - API Response: GET /basket/score_basket - 200 (0.010s)
2026-03-17 06:21:23,265 - api - INFO - API Request: GET /store/category
2026-03-17 06:21:23,273 - api - INFO - API Response: GET /store/category - 200 (0.008s)
2026-03-17 06:21:23,274 - api - INFO - API Request: GET /basket/score_basket
2026-03-17 06:21:23,284 - api - INFO - API Response: GET /basket/score_basket - 200 (0.010s)
2026-03-17 06:21:30,858 - api - INFO - API Request: GET /store/category
2026-03-17 06:21:30,859 - api - INFO - API Request: GET /basket/score_basket
2026-03-17 06:21:30,865 - api - INFO - API Response: GET /store/category - 200 (0.007s)
2026-03-17 06:21:30,867 - api - INFO - API Response: GET /basket/score_basket - 200 (0.008s)
2026-03-17 06:21:30,875 - api - INFO - API Request: GET /store/category
2026-03-17 06:21:30,880 - api - INFO - API Request: GET /basket/score_basket
2026-03-17 06:21:30,886 - api - INFO - API Response: GET /store/category - 200 (0.012s)
2026-03-17 06:21:30,891 - api - INFO - API Response: GET /basket/score_basket - 200 (0.012s)
2026-03-17 06:21:32,036 - api - INFO - API Request: GET /auth/csrf-token
2026-03-17 06:21:32,040 - api - INFO - API Response: GET /auth/csrf-token - 200 (0.004s)
2026-03-17 06:21:32,057 - api - INFO - API Request: GET /user/check
2026-03-17 06:21:32,060 - api - INFO - API Response: GET /user/check - 400 (0.003s)
2026-03-17 06:21:34,270 - api - INFO - API Request: GET /auth/csrf-token
2026-03-17 06:21:34,273 - api - INFO - API Response: GET /auth/csrf-token - 200 (0.003s)
2026-03-17 06:21:34,281 - api - INFO - API Request: GET /user/check
2026-03-17 06:21:34,283 - api - INFO - API Response: GET /user/check - 400 (0.002s)
2026-03-17 06:21:35,848 - api - INFO - API Request: GET /auth/csrf-token
2026-03-17 06:21:35,850 - api - INFO - API Response: GET /auth/csrf-token - 200 (0.002s)
2026-03-17 06:21:35,858 - api - INFO - API Request: GET /user/check
2026-03-17 06:21:35,860 - api - INFO - API Response: GET /user/check - 400 (0.002s)
2026-03-17 06:21:41,550 - watchfiles.main - INFO - 1 change detected
2026-03-17 06:21:43,881 - watchfiles.main - INFO - 1 change detected
2026-03-17 06:22:42,294 - main - INFO - Starting spoXpro Backend v1.0.0
2026-03-17 06:22:42,296 - main - INFO - Need inizializate DB
2026-03-17 06:22:46,314 - api - INFO - API Request: GET /auth/csrf-token
2026-03-17 06:22:46,318 - api - INFO - API Response: GET /auth/csrf-token - 200 (0.003s)
2026-03-17 06:22:46,332 - api - INFO - API Request: GET /user/check
2026-03-17 06:22:46,335 - api - INFO - API Response: GET /user/check - 400 (0.003s)
2026-03-17 06:22:50,103 - api - INFO - API Request: GET /auth/csrf-token
2026-03-17 06:22:50,104 - api - INFO - API Response: GET /auth/csrf-token - 200 (0.001s)
2026-03-17 06:22:50,112 - api - INFO - API Request: GET /user/check
2026-03-17 06:22:50,115 - api - INFO - API Response: GET /user/check - 400 (0.003s)
2026-03-17 06:23:06,904 - api - INFO - API Request: GET /auth/csrf-token
2026-03-17 06:23:06,907 - api - INFO - API Response: GET /auth/csrf-token - 200 (0.003s)
2026-03-17 06:23:06,928 - api - INFO - API Request: GET /user/check
2026-03-17 06:23:06,931 - api - INFO - API Response: GET /user/check - 400 (0.003s)
2026-03-17 06:23:30,258 - main - INFO - Application shutdown completed
2026-03-17 06:23:40,112 - main - INFO - Starting spoXpro Backend v1.0.0
2026-03-17 06:23:40,113 - main - INFO - Need inizializate DB
2026-03-17 06:23:45,522 - api - INFO - API Request: GET /auth/csrf-token
2026-03-17 06:23:45,524 - api - INFO - API Response: GET /auth/csrf-token - 200 (0.003s)
2026-03-17 06:23:45,539 - api - INFO - API Request: GET /user/check
2026-03-17 06:23:45,541 - api - INFO - API Response: GET /user/check - 400 (0.002s)
2026-03-17 06:23:54,041 - api - INFO - API Request: GET /auth/csrf-token
2026-03-17 06:23:54,043 - api - INFO - API Response: GET /auth/csrf-token - 200 (0.002s)
2026-03-17 06:23:54,077 - api - INFO - API Request: GET /user/check
2026-03-17 06:23:54,078 - api - INFO - API Response: GET /user/check - 400 (0.002s)
2026-03-17 06:23:55,934 - api - INFO - API Request: GET /auth/csrf-token
2026-03-17 06:23:55,936 - api - INFO - API Response: GET /auth/csrf-token - 200 (0.002s)
2026-03-17 06:23:55,944 - api - INFO - API Request: GET /user/check
2026-03-17 06:23:55,945 - api - INFO - API Response: GET /user/check - 400 (0.001s)
2026-03-17 06:25:40,846 - api - INFO - API Request: GET /store/category
2026-03-17 06:25:40,872 - api - INFO - API Request: GET /basket/score_basket
2026-03-17 06:25:40,899 - api - INFO - API Response: GET /store/category - 200 (0.053s)
2026-03-17 06:25:40,904 - api - INFO - API Response: GET /basket/score_basket - 200 (0.032s)
2026-03-17 06:25:40,921 - api - INFO - API Request: GET /store/category
2026-03-17 06:25:40,952 - api - INFO - API Request: GET /basket/score_basket
2026-03-17 06:25:40,974 - api - INFO - API Response: GET /store/category - 200 (0.052s)
2026-03-17 06:25:40,979 - api - INFO - API Response: GET /basket/score_basket - 200 (0.027s)
2026-03-17 06:25:59,961 - main - INFO - Starting spoXpro Backend v1.0.0
2026-03-17 06:25:59,962 - main - INFO - Need inizializate DB
2026-03-17 06:26:06,098 - api - INFO - API Request: GET /user/check
2026-03-17 06:26:06,101 - api - INFO - API Response: GET /user/check - 403 (0.003s)
2026-03-17 06:26:24,285 - api - INFO - API Request: GET /store/category
2026-03-17 06:26:24,318 - api - INFO - API Response: GET /store/category - 200 (0.032s)
2026-03-17 06:26:24,328 - api - INFO - API Request: GET /basket/score_basket
2026-03-17 06:26:24,341 - api - INFO - API Response: GET /basket/score_basket - 200 (0.014s)
2026-03-17 06:26:24,347 - api - INFO - API Request: GET /store/category
2026-03-17 06:26:24,351 - api - INFO - API Response: GET /store/category - 200 (0.004s)
2026-03-17 06:26:24,358 - api - INFO - API Request: GET /basket/score_basket
2026-03-17 06:26:24,364 - api - INFO - API Response: GET /basket/score_basket - 200 (0.006s)
2026-03-17 06:26:25,592 - api - INFO - API Request: GET /store/category
2026-03-17 06:26:25,603 - api - INFO - API Request: GET /basket/score_basket
2026-03-17 06:26:25,605 - api - INFO - API Request: GET /store/category
2026-03-17 06:26:25,610 - api - INFO - API Request: GET /basket/score_basket
2026-03-17 06:26:25,617 - api - INFO - API Response: GET /store/category - 200 (0.025s)
2026-03-17 06:26:25,621 - api - INFO - API Response: GET /basket/score_basket - 200 (0.018s)
2026-03-17 06:26:25,624 - api - INFO - API Response: GET /store/category - 200 (0.019s)
2026-03-17 06:26:25,627 - api - INFO - API Response: GET /basket/score_basket - 200 (0.017s)
2026-03-17 06:26:27,166 - api - INFO - API Request: GET /user/check
2026-03-17 06:26:27,168 - api - INFO - API Response: GET /user/check - 403 (0.002s)
2026-03-17 06:27:53,684 - main - INFO - Application shutdown completed
2026-03-17 06:28:37,583 - main - INFO - Starting spoXpro Backend v1.0.0
2026-03-17 06:28:37,584 - main - INFO - Need inizializate DB
2026-03-17 06:28:40,049 - api - INFO - API Request: GET /user/check
2026-03-17 06:28:40,050 - routes.user - ERROR - 'sub'
2026-03-17 06:28:40,052 - api - INFO - API Response: GET /user/check - 500 (0.003s)
2026-03-17 06:29:09,327 - main - INFO - Starting spoXpro Backend v1.0.0
2026-03-17 06:29:09,328 - main - INFO - Need inizializate DB
2026-03-17 06:29:13,231 - api - INFO - API Request: GET /user/check
2026-03-17 06:29:13,252 - api - INFO - API Response: GET /user/check - 200 (0.021s)
2026-03-17 06:29:13,317 - api - INFO - API Request: GET /basket/get_basket
2026-03-17 06:29:13,358 - api - INFO - API Response: GET /basket/get_basket - 200 (0.041s)
2026-03-17 06:29:13,392 - api - INFO - API Request: GET /basket/get_basket
2026-03-17 06:29:13,400 - api - INFO - API Response: GET /basket/get_basket - 200 (0.007s)
2026-03-17 06:29:21,465 - api - INFO - API Request: GET /basket/get_basket
2026-03-17 06:29:21,476 - api - INFO - API Response: GET /basket/get_basket - 200 (0.011s)
2026-03-17 06:29:21,481 - api - INFO - API Request: GET /basket/get_basket
2026-03-17 06:29:21,492 - api - INFO - API Response: GET /basket/get_basket - 200 (0.011s)
2026-03-17 06:29:22,361 - api - INFO - API Request: GET /store/category
2026-03-17 06:29:22,369 - api - INFO - API Request: GET /store/allproduct
2026-03-17 06:29:22,381 - api - INFO - API Response: GET /store/category - 200 (0.020s)
2026-03-17 06:29:22,384 - api - INFO - API Response: GET /store/allproduct - 200 (0.015s)
2026-03-17 06:29:22,392 - api - INFO - API Request: GET /store/allproduct
2026-03-17 06:29:22,398 - api - INFO - API Request: GET /store/category
2026-03-17 06:29:22,410 - api - INFO - API Response: GET /store/allproduct - 200 (0.018s)
2026-03-17 06:29:22,414 - api - INFO - API Response: GET /store/category - 200 (0.016s)
2026-03-17 06:29:22,423 - api - INFO - API Request: GET /store/allproduct
2026-03-17 06:29:22,429 - api - INFO - API Request: GET /store/allproduct
2026-03-17 06:29:22,447 - api - INFO - API Response: GET /store/allproduct - 200 (0.024s)
2026-03-17 06:29:22,451 - api - INFO - API Response: GET /store/allproduct - 200 (0.022s)
2026-03-17 06:29:23,273 - api - INFO - API Request: GET /store/product
2026-03-17 06:29:23,285 - api - INFO - API Response: GET /store/product - 200 (0.012s)
2026-03-17 06:29:23,289 - api - INFO - API Request: GET /store/product
2026-03-17 06:29:23,296 - api - INFO - API Response: GET /store/product - 200 (0.007s)
2026-03-17 06:29:23,297 - api - INFO - API Request: GET /review/product_review
2026-03-17 06:29:23,301 - api - INFO - API Response: GET /review/product_review - 200 (0.004s)
2026-03-17 06:29:23,304 - api - INFO - API Request: GET /review/product_review
2026-03-17 06:29:23,306 - api - INFO - API Response: GET /review/product_review - 200 (0.002s)
2026-03-17 06:29:24,880 - api - INFO - API Request: GET /auth/csrf-token
2026-03-17 06:29:24,882 - api - INFO - API Response: GET /auth/csrf-token - 200 (0.002s)
2026-03-17 06:29:25,208 - api - INFO - API Request: POST /basket/add
2026-03-17 06:29:25,231 - api - INFO - API Response: POST /basket/add - 200 (0.023s)
2026-03-17 06:29:25,295 - watchfiles.main - INFO - 1 change detected
2026-03-17 06:29:26,156 - api - INFO - API Request: GET /basket/get_basket
2026-03-17 06:29:26,168 - api - INFO - API Response: GET /basket/get_basket - 200 (0.012s)
2026-03-17 06:29:26,173 - api - INFO - API Request: GET /basket/get_basket
2026-03-17 06:29:26,182 - api - INFO - API Response: GET /basket/get_basket - 200 (0.009s)
2026-03-17 06:29:28,872 - api - INFO - API Request: GET /store/category
2026-03-17 06:29:28,877 - api - INFO - API Request: GET /basket/score_basket
2026-03-17 06:29:28,881 - api - INFO - API Request: GET /basket/get_basket
2026-03-17 06:29:28,890 - api - INFO - API Response: GET /store/category - 200 (0.018s)
2026-03-17 06:29:28,894 - api - INFO - API Response: GET /basket/score_basket - 200 (0.017s)
2026-03-17 06:29:28,897 - api - INFO - API Response: GET /basket/get_basket - 200 (0.016s)
2026-03-17 06:29:28,898 - api - INFO - API Request: GET /store/category
2026-03-17 06:29:28,906 - api - INFO - API Response: GET /store/category - 200 (0.008s)
2026-03-17 06:29:28,907 - api - INFO - API Request: GET /basket/score_basket
2026-03-17 06:29:28,925 - api - INFO - API Request: GET /basket/get_basket
2026-03-17 06:29:28,940 - api - INFO - API Response: GET /basket/score_basket - 200 (0.033s)
2026-03-17 06:29:28,943 - api - INFO - API Response: GET /basket/get_basket - 200 (0.018s)
2026-03-17 06:29:41,661 - api - INFO - API Request: GET /store/category
2026-03-17 06:29:41,666 - api - INFO - API Request: GET /store/allproduct
2026-03-17 06:29:41,673 - api - INFO - API Response: GET /store/category - 200 (0.013s)
2026-03-17 06:29:41,675 - api - INFO - API Response: GET /store/allproduct - 200 (0.009s)
2026-03-17 06:29:41,696 - api - INFO - API Request: GET /store/allproduct
2026-03-17 06:29:41,698 - api - INFO - API Request: GET /store/category
2026-03-17 06:29:41,707 - api - INFO - API Response: GET /store/allproduct - 200 (0.011s)
2026-03-17 06:29:41,709 - api - INFO - API Response: GET /store/category - 200 (0.011s)
2026-03-17 06:29:41,717 - api - INFO - API Request: GET /store/allproduct
2026-03-17 06:29:41,724 - api - INFO - API Request: GET /store/allproduct
2026-03-17 06:29:41,730 - api - INFO - API Response: GET /store/allproduct - 200 (0.013s)
2026-03-17 06:29:41,735 - api - INFO - API Response: GET /store/allproduct - 200 (0.011s)
2026-03-17 06:29:42,539 - api - INFO - API Request: GET /store/product
2026-03-17 06:29:42,546 - api - INFO - API Response: GET /store/product - 200 (0.007s)
2026-03-17 06:29:42,551 - api - INFO - API Request: GET /store/product
2026-03-17 06:29:42,558 - api - INFO - API Response: GET /store/product - 200 (0.007s)
2026-03-17 06:29:42,561 - api - INFO - API Request: GET /review/product_review
2026-03-17 06:29:42,565 - api - INFO - API Response: GET /review/product_review - 200 (0.004s)
2026-03-17 06:29:42,569 - api - INFO - API Request: GET /review/product_review
2026-03-17 06:29:42,572 - api - INFO - API Response: GET /review/product_review - 200 (0.004s)
2026-03-17 06:29:44,350 - api - INFO - API Request: GET /auth/csrf-token
2026-03-17 06:29:44,353 - api - INFO - API Response: GET /auth/csrf-token - 200 (0.003s)
2026-03-17 06:29:44,361 - api - INFO - API Request: POST /basket/add
2026-03-17 06:29:44,372 - api - INFO - API Response: POST /basket/add - 200 (0.011s)
2026-03-17 06:29:44,436 - watchfiles.main - INFO - 1 change detected
2026-03-17 06:29:46,424 - api - INFO - API Request: GET /basket/get_basket
2026-03-17 06:29:46,433 - api - INFO - API Response: GET /basket/get_basket - 200 (0.009s)
2026-03-17 06:29:46,438 - api - INFO - API Request: GET /basket/get_basket
2026-03-17 06:29:46,448 - api - INFO - API Response: GET /basket/get_basket - 200 (0.010s)
2026-03-17 06:30:01,295 - api - INFO - API Request: GET /store/category
2026-03-17 06:30:01,299 - api - INFO - API Request: GET /basket/score_basket
2026-03-17 06:30:01,300 - api - INFO - API Request: GET /store/category
2026-03-17 06:30:01,301 - api - INFO - API Request: GET /basket/get_basket
2026-03-17 06:30:01,317 - api - INFO - API Response: GET /store/category - 200 (0.022s)
2026-03-17 06:30:01,322 - api - INFO - API Response: GET /basket/score_basket - 200 (0.023s)
2026-03-17 06:30:01,323 - api - INFO - API Response: GET /store/category - 200 (0.023s)
2026-03-17 06:30:01,324 - api - INFO - API Response: GET /basket/get_basket - 200 (0.023s)
2026-03-17 06:30:01,340 - api - INFO - API Request: GET /basket/score_basket
2026-03-17 06:30:01,345 - api - INFO - API Request: GET /basket/get_basket
2026-03-17 06:30:01,355 - api - INFO - API Response: GET /basket/score_basket - 200 (0.015s)
2026-03-17 06:30:01,359 - api - INFO - API Response: GET /basket/get_basket - 200 (0.014s)
2026-03-17 06:30:04,617 - api - INFO - API Request: GET /store/category
2026-03-17 06:30:04,621 - api - INFO - API Request: GET /basket/score_basket
2026-03-17 06:30:04,624 - api - INFO - API Request: GET /basket/get_basket
2026-03-17 06:30:04,625 - api - INFO - API Request: GET /basket/get_basket
2026-03-17 06:30:04,626 - api - INFO - API Request: GET /store/category
2026-03-17 06:30:04,627 - api - INFO - API Request: GET /basket/score_basket
2026-03-17 06:30:04,645 - api - INFO - API Response: GET /store/category - 200 (0.028s)
2026-03-17 06:30:04,650 - api - INFO - API Response: GET /basket/score_basket - 200 (0.029s)
2026-03-17 06:30:04,652 - api - INFO - API Response: GET /basket/get_basket - 200 (0.028s)
2026-03-17 06:30:04,653 - api - INFO - API Response: GET /basket/get_basket - 200 (0.028s)
2026-03-17 06:30:04,653 - api - INFO - API Response: GET /store/category - 200 (0.028s)
2026-03-17 06:30:04,654 - api - INFO - API Response: GET /basket/score_basket - 200 (0.027s)
2026-03-17 06:30:10,261 - api - INFO - API Request: GET /user/check
2026-03-17 06:30:10,266 - api - INFO - API Response: GET /user/check - 200 (0.005s)
2026-03-17 06:30:10,301 - api - INFO - API Request: GET /basket/get_basket
2026-03-17 06:30:10,310 - api - INFO - API Response: GET /basket/get_basket - 200 (0.010s)
2026-03-17 06:30:10,318 - api - INFO - API Request: GET /basket/get_basket
2026-03-17 06:30:10,327 - api - INFO - API Response: GET /basket/get_basket - 200 (0.009s)
2026-03-17 06:30:52,021 - main - INFO - Starting spoXpro Backend v1.0.0
2026-03-17 06:30:52,022 - main - INFO - Need inizializate DB
2026-03-17 06:30:55,824 - api - INFO - API Request: GET /store/category
2026-03-17 06:30:55,826 - api - INFO - API Request: GET /basket/score_basket
2026-03-17 06:30:55,827 - api - INFO - API Request: GET /basket/get_basket
2026-03-17 06:30:55,877 - api - INFO - API Response: GET /store/category - 200 (0.053s)
2026-03-17 06:30:55,880 - api - INFO - API Response: GET /basket/score_basket - 200 (0.054s)
2026-03-17 06:30:55,881 - api - INFO - API Response: GET /basket/get_basket - 200 (0.054s)
2026-03-17 06:30:55,889 - api - INFO - API Request: GET /store/category
2026-03-17 06:30:55,895 - api - INFO - API Request: GET /basket/score_basket
2026-03-17 06:30:55,896 - api - INFO - API Request: GET /basket/get_basket
2026-03-17 06:30:55,905 - api - INFO - API Response: GET /store/category - 200 (0.016s)
2026-03-17 06:30:55,908 - api - INFO - API Response: GET /basket/score_basket - 200 (0.013s)
2026-03-17 06:30:55,909 - api - INFO - API Response: GET /basket/get_basket - 200 (0.013s)
2026-03-17 06:31:18,002 - api - INFO - API Request: GET /store/category
2026-03-17 06:31:18,012 - api - INFO - API Response: GET /store/category - 200 (0.010s)
2026-03-17 06:31:18,015 - api - INFO - API Request: GET /store/allproduct
2026-03-17 06:31:18,016 - api - INFO - API Request: GET /store/allproduct
2026-03-17 06:31:18,036 - api - INFO - API Response: GET /store/allproduct - 200 (0.021s)
2026-03-17 06:31:18,037 - api - INFO - API Response: GET /store/allproduct - 200 (0.021s)
2026-03-17 06:31:18,044 - api - INFO - API Request: GET /store/category
2026-03-17 06:31:18,053 - api - INFO - API Response: GET /store/category - 200 (0.009s)
2026-03-17 06:31:18,058 - api - INFO - API Request: GET /store/allproduct
2026-03-17 06:31:18,059 - api - INFO - API Request: GET /store/allproduct
2026-03-17 06:31:18,076 - api - INFO - API Response: GET /store/allproduct - 200 (0.018s)
2026-03-17 06:31:18,077 - api - INFO - API Response: GET /store/allproduct - 200 (0.018s)
2026-03-17 06:31:19,845 - api - INFO - API Request: GET /basket/get_basket
2026-03-17 06:31:19,854 - api - INFO - API Response: GET /basket/get_basket - 200 (0.009s)
2026-03-17 06:31:19,858 - api - INFO - API Request: GET /basket/get_basket
2026-03-17 06:31:19,868 - api - INFO - API Response: GET /basket/get_basket - 200 (0.010s)
2026-03-17 06:31:37,816 - api - INFO - API Request: GET /store/category
2026-03-17 06:31:37,820 - api - INFO - API Request: GET /basket/score_basket
2026-03-17 06:31:37,825 - api - INFO - API Request: GET /basket/get_basket
2026-03-17 06:31:37,835 - api - INFO - API Response: GET /store/category - 200 (0.020s)
2026-03-17 06:31:37,839 - api - INFO - API Response: GET /basket/score_basket - 200 (0.019s)
2026-03-17 06:31:37,843 - api - INFO - API Response: GET /basket/get_basket - 200 (0.018s)
2026-03-17 06:31:37,851 - api - INFO - API Request: GET /store/category
2026-03-17 06:31:37,855 - api - INFO - API Request: GET /basket/score_basket
2026-03-17 06:31:37,860 - api - INFO - API Response: GET /store/category - 200 (0.009s)
2026-03-17 06:31:37,862 - api - INFO - API Response: GET /basket/score_basket - 200 (0.007s)
2026-03-17 06:31:37,866 - api - INFO - API Request: GET /basket/get_basket
2026-03-17 06:31:37,879 - api - INFO - API Response: GET /basket/get_basket - 200 (0.013s)
2026-03-17 06:32:07,806 - main - INFO - Starting spoXpro Backend v1.0.0
2026-03-17 06:32:07,807 - main - INFO - Need inizializate DB
2026-03-17 06:32:11,373 - api - INFO - API Request: GET /basket/score_basket
2026-03-17 06:32:11,374 - api - INFO - API Request: GET /basket/get_basket
2026-03-17 06:32:11,375 - api - INFO - API Request: GET /store/category
2026-03-17 06:32:11,423 - api - INFO - API Response: GET /basket/score_basket - 200 (0.050s)
2026-03-17 06:32:11,425 - api - INFO - API Response: GET /basket/get_basket - 200 (0.051s)
2026-03-17 06:32:11,426 - api - INFO - API Response: GET /store/category - 200 (0.051s)
2026-03-17 06:32:11,433 - api - INFO - API Request: GET /basket/score_basket
2026-03-17 06:32:11,440 - api - INFO - API Request: GET /basket/get_basket
2026-03-17 06:32:11,442 - api - INFO - API Request: GET /store/category
2026-03-17 06:32:11,449 - api - INFO - API Response: GET /basket/score_basket - 200 (0.016s)
2026-03-17 06:32:11,455 - api - INFO - API Response: GET /basket/get_basket - 200 (0.016s)
2026-03-17 06:32:11,458 - api - INFO - API Response: GET /store/category - 200 (0.015s)
2026-03-17 06:32:48,951 - main - INFO - Starting spoXpro Backend v1.0.0
2026-03-17 06:32:48,952 - main - INFO - Need inizializate DB
2026-03-17 06:32:56,322 - api - INFO - API Request: GET /store/category
2026-03-17 06:32:56,323 - api - INFO - API Request: GET /basket/get_basket
2026-03-17 06:32:56,324 - api - INFO - API Request: GET /basket/score_basket
2026-03-17 06:32:56,373 - api - INFO - API Response: GET /store/category - 200 (0.051s)
2026-03-17 06:32:56,374 - api - INFO - API Response: GET /basket/get_basket - 200 (0.051s)
2026-03-17 06:32:56,375 - api - INFO - API Response: GET /basket/score_basket - 200 (0.051s)
2026-03-17 06:32:56,383 - api - INFO - API Request: GET /store/category
2026-03-17 06:32:56,387 - api - INFO - API Request: GET /basket/get_basket
2026-03-17 06:32:56,389 - api - INFO - API Request: GET /basket/score_basket
2026-03-17 06:32:56,400 - api - INFO - API Response: GET /store/category - 200 (0.017s)
2026-03-17 06:32:56,403 - api - INFO - API Response: GET /basket/get_basket - 200 (0.016s)
2026-03-17 06:32:56,403 - api - INFO - API Response: GET /basket/score_basket - 200 (0.014s)
2026-03-17 06:33:42,255 - watchfiles.main - INFO - 1 change detected
2026-03-17 06:33:45,582 - api - INFO - API Request: GET /store/category
2026-03-17 06:33:45,588 - api - INFO - API Response: GET /store/category - 200 (0.005s)
2026-03-17 06:33:45,613 - api - INFO - API Request: GET /store/allproduct
2026-03-17 06:33:45,627 - api - INFO - API Request: GET /store/category
2026-03-17 06:33:45,628 - api - INFO - API Request: GET /store/allproduct
2026-03-17 06:33:45,636 - api - INFO - API Response: GET /store/allproduct - 200 (0.022s)
2026-03-17 06:33:45,640 - api - INFO - API Response: GET /store/category - 200 (0.013s)
2026-03-17 06:33:45,641 - api - INFO - API Response: GET /store/allproduct - 200 (0.014s)
2026-03-17 06:33:45,666 - api - INFO - API Request: GET /store/allproduct
2026-03-17 06:33:45,668 - api - INFO - API Request: GET /store/allproduct
2026-03-17 06:33:45,678 - api - INFO - API Response: GET /store/allproduct - 200 (0.012s)
2026-03-17 06:33:45,680 - api - INFO - API Response: GET /store/allproduct - 200 (0.012s)
2026-03-17 06:33:46,926 - api - INFO - API Request: GET /store/product
2026-03-17 06:33:46,936 - api - INFO - API Response: GET /store/product - 200 (0.010s)
2026-03-17 06:33:46,939 - api - INFO - API Request: GET /store/product
2026-03-17 06:33:46,945 - api - INFO - API Request: GET /review/product_review
2026-03-17 06:33:46,946 - api - INFO - API Response: GET /store/product - 200 (0.007s)
2026-03-17 06:33:46,949 - api - INFO - API Response: GET /review/product_review - 200 (0.003s)
2026-03-17 06:33:46,955 - api - INFO - API Request: GET /review/product_review
2026-03-17 06:33:46,957 - api - INFO - API Response: GET /review/product_review - 200 (0.002s)
2026-03-17 06:33:50,989 - api - INFO - API Request: GET /auth/csrf-token
2026-03-17 06:33:50,990 - api - INFO - API Response: GET /auth/csrf-token - 200 (0.001s)
2026-03-17 06:33:50,999 - api - INFO - API Request: POST /basket/add
2026-03-17 06:33:51,019 - api - INFO - API Response: POST /basket/add - 200 (0.019s)
2026-03-17 06:33:51,098 - watchfiles.main - INFO - 1 change detected
2026-03-17 06:33:56,748 - api - INFO - API Request: GET /basket/get_basket
2026-03-17 06:33:56,760 - api - INFO - API Response: GET /basket/get_basket - 200 (0.014s)
2026-03-17 06:33:56,765 - api - INFO - API Request: GET /basket/get_basket
2026-03-17 06:33:56,773 - api - INFO - API Response: GET /basket/get_basket - 200 (0.008s)
2026-03-17 06:34:06,390 - api - INFO - API Request: GET /store/category
2026-03-17 06:34:06,391 - api - INFO - API Request: GET /basket/get_basket
2026-03-17 06:34:06,392 - api - INFO - API Request: GET /basket/score_basket
2026-03-17 06:34:06,400 - api - INFO - API Response: GET /store/category - 200 (0.010s)
2026-03-17 06:34:06,401 - api - INFO - API Response: GET /basket/get_basket - 200 (0.010s)
2026-03-17 06:34:06,402 - api - INFO - API Response: GET /basket/score_basket - 200 (0.010s)
2026-03-17 06:34:06,408 - api - INFO - API Request: GET /store/category
2026-03-17 06:34:06,412 - api - INFO - API Request: GET /basket/get_basket
2026-03-17 06:34:06,413 - api - INFO - API Request: GET /basket/score_basket
2026-03-17 06:34:06,422 - api - INFO - API Response: GET /store/category - 200 (0.014s)
2026-03-17 06:34:06,424 - api - INFO - API Response: GET /basket/get_basket - 200 (0.012s)
2026-03-17 06:34:06,426 - api - INFO - API Response: GET /basket/score_basket - 200 (0.013s)
2026-03-17 06:34:07,041 - api - INFO - API Request: GET /store/product
2026-03-17 06:34:07,048 - api - INFO - API Response: GET /store/product - 200 (0.007s)
2026-03-17 06:34:07,051 - api - INFO - API Request: GET /store/product
2026-03-17 06:34:07,060 - api - INFO - API Response: GET /store/product - 200 (0.009s)
2026-03-17 06:34:07,064 - api - INFO - API Request: GET /review/product_review
2026-03-17 06:34:07,068 - api - INFO - API Response: GET /review/product_review - 200 (0.004s)
2026-03-17 06:34:07,072 - api - INFO - API Request: GET /review/product_review
2026-03-17 06:34:07,075 - api - INFO - API Response: GET /review/product_review - 200 (0.003s)
2026-03-17 06:34:28,234 - api - INFO - API Request: GET /auth/csrf-token
2026-03-17 06:34:28,235 - api - INFO - API Response: GET /auth/csrf-token - 200 (0.001s)
2026-03-17 06:34:28,243 - api - INFO - API Request: POST /basket/add
2026-03-17 06:34:28,250 - api - INFO - API Response: POST /basket/add - 200 (0.007s)
2026-03-17 06:34:28,494 - watchfiles.main - INFO - 1 change detected
2026-03-17 06:36:41,503 - watchfiles.main - INFO - 1 change detected
2026-03-17 06:36:45,267 - main - INFO - Application shutdown completed
2026-03-17 06:36:57,430 - main - INFO - Starting spoXpro Backend v1.0.0
2026-03-17 06:36:57,431 - main - INFO - Need inizializate DB
2026-03-17 06:37:01,194 - api - INFO - API Request: GET /store/category
2026-03-17 06:37:01,196 - api - INFO - API Request: GET /basket/score_basket
2026-03-17 06:37:01,197 - api - INFO - API Request: GET /store/product
2026-03-17 06:37:01,245 - api - INFO - API Response: GET /store/category - 200 (0.050s)
2026-03-17 06:37:01,247 - api - INFO - API Response: GET /basket/score_basket - 200 (0.051s)
2026-03-17 06:37:01,247 - api - INFO - API Response: GET /store/product - 200 (0.050s)
2026-03-17 06:37:01,255 - api - INFO - API Request: GET /store/category
2026-03-17 06:37:01,262 - api - INFO - API Request: GET /basket/score_basket
2026-03-17 06:37:01,263 - api - INFO - API Request: GET /store/product
2026-03-17 06:37:01,274 - api - INFO - API Response: GET /store/category - 200 (0.019s)
2026-03-17 06:37:01,278 - api - INFO - API Response: GET /basket/score_basket - 200 (0.016s)
2026-03-17 06:37:01,279 - api - INFO - API Response: GET /store/product - 200 (0.016s)
2026-03-17 06:37:01,289 - api - INFO - API Request: GET /review/product_review
2026-03-17 06:37:01,294 - api - INFO - API Response: GET /review/product_review - 200 (0.004s)
2026-03-17 06:37:01,297 - api - INFO - API Request: GET /review/product_review
2026-03-17 06:37:01,302 - api - INFO - API Response: GET /review/product_review - 200 (0.005s)
2026-03-17 06:37:36,917 - main - INFO - Starting spoXpro Backend v1.0.0
2026-03-17 06:37:36,918 - main - INFO - Need inizializate DB
2026-03-17 06:37:41,341 - api - INFO - API Request: GET /auth/csrf-token
2026-03-17 06:37:41,343 - api - INFO - API Response: GET /auth/csrf-token - 200 (0.002s)
2026-03-17 06:37:41,351 - api - INFO - API Request: POST /basket/add
2026-03-17 06:37:41,378 - api - INFO - API Response: POST /basket/add - 200 (0.027s)
2026-03-17 06:37:41,457 - watchfiles.main - INFO - 1 change detected
2026-03-17 06:38:26,551 - main - INFO - Application shutdown completed
2026-03-17 06:38:36,982 - main - INFO - Starting spoXpro Backend v1.0.0
2026-03-17 06:38:36,983 - main - INFO - Need inizializate DB
2026-03-17 06:38:39,593 - api - INFO - API Request: GET /store/category
2026-03-17 06:38:39,610 - api - INFO - API Request: GET /basket/score_basket
2026-03-17 06:38:39,611 - api - INFO - API Request: GET /store/product
2026-03-17 06:38:39,634 - api - INFO - API Response: GET /store/category - 200 (0.042s)
2026-03-17 06:38:39,637 - api - INFO - API Response: GET /basket/score_basket - 200 (0.028s)
2026-03-17 06:38:39,639 - api - INFO - API Response: GET /store/product - 200 (0.029s)
2026-03-17 06:38:39,646 - api - INFO - API Request: GET /store/category
2026-03-17 06:38:39,651 - api - INFO - API Request: GET /basket/score_basket
2026-03-17 06:38:39,652 - api - INFO - API Request: GET /store/product
2026-03-17 06:38:39,659 - api - INFO - API Response: GET /store/category - 200 (0.013s)
2026-03-17 06:38:39,663 - api - INFO - API Response: GET /basket/score_basket - 200 (0.012s)
2026-03-17 06:38:39,663 - api - INFO - API Response: GET /store/product - 200 (0.011s)
2026-03-17 06:38:39,670 - api - INFO - API Request: GET /review/product_review
2026-03-17 06:38:39,675 - api - INFO - API Response: GET /review/product_review - 200 (0.004s)
2026-03-17 06:38:39,677 - api - INFO - API Request: GET /review/product_review
2026-03-17 06:38:39,680 - api - INFO - API Response: GET /review/product_review - 200 (0.003s)
2026-03-17 06:38:41,894 - api - INFO - API Request: GET /basket/get_basket
2026-03-17 06:38:41,902 - api - INFO - API Response: GET /basket/get_basket - 200 (0.008s)
2026-03-17 06:38:41,905 - api - INFO - API Request: GET /basket/get_basket
2026-03-17 06:38:41,911 - api - INFO - API Response: GET /basket/get_basket - 200 (0.006s)
2026-03-17 06:38:47,798 - api - INFO - API Request: GET /auth/csrf-token
2026-03-17 06:38:47,799 - api - INFO - API Response: GET /auth/csrf-token - 200 (0.001s)
2026-03-17 06:38:48,129 - api - INFO - API Request: DELETE /basket/delete
2026-03-17 06:38:48,146 - api - INFO - API Response: DELETE /basket/delete - 200 (0.017s)
2026-03-17 06:38:48,224 - watchfiles.main - INFO - 1 change detected
2026-03-17 06:38:49,011 - api - INFO - API Request: GET /store/category
2026-03-17 06:38:49,016 - api - INFO - API Request: GET /store/allproduct
2026-03-17 06:38:49,018 - api - INFO - API Request: GET /store/allproduct
2026-03-17 06:38:49,035 - api - INFO - API Response: GET /store/category - 200 (0.024s)
2026-03-17 06:38:49,038 - api - INFO - API Response: GET /store/allproduct - 200 (0.022s)
2026-03-17 06:38:49,040 - api - INFO - API Response: GET /store/allproduct - 200 (0.023s)
2026-03-17 06:38:49,047 - api - INFO - API Request: GET /store/category
2026-03-17 06:38:49,051 - api - INFO - API Request: GET /store/allproduct
2026-03-17 06:38:49,052 - api - INFO - API Request: GET /store/allproduct
2026-03-17 06:38:49,064 - api - INFO - API Response: GET /store/category - 200 (0.017s)
2026-03-17 06:38:49,067 - api - INFO - API Response: GET /store/allproduct - 200 (0.016s)
2026-03-17 06:38:49,070 - api - INFO - API Response: GET /store/allproduct - 200 (0.018s)
2026-03-17 06:38:49,785 - api - INFO - API Request: GET /store/product
2026-03-17 06:38:49,792 - api - INFO - API Response: GET /store/product - 200 (0.007s)
2026-03-17 06:38:49,797 - api - INFO - API Request: GET /store/product
2026-03-17 06:38:49,805 - api - INFO - API Request: GET /review/product_review
2026-03-17 06:38:49,807 - api - INFO - API Response: GET /store/product - 200 (0.010s)
2026-03-17 06:38:49,810 - api - INFO - API Response: GET /review/product_review - 200 (0.005s)
2026-03-17 06:38:49,817 - api - INFO - API Request: GET /review/product_review
2026-03-17 06:38:49,822 - api - INFO - API Response: GET /review/product_review - 200 (0.005s)
2026-03-17 06:38:51,578 - api - INFO - API Request: GET /auth/csrf-token
2026-03-17 06:38:51,580 - api - INFO - API Response: GET /auth/csrf-token - 200 (0.002s)
2026-03-17 06:38:51,588 - api - INFO - API Request: POST /basket/add
2026-03-17 06:38:51,601 - api - INFO - API Response: POST /basket/add - 200 (0.013s)
2026-03-17 06:38:51,658 - watchfiles.main - INFO - 1 change detected
2026-03-17 06:38:53,216 - api - INFO - API Request: GET /store/category
2026-03-17 06:38:53,220 - api - INFO - API Request: GET /store/allproduct
2026-03-17 06:38:53,227 - api - INFO - API Request: GET /store/allproduct
2026-03-17 06:38:53,233 - api - INFO - API Response: GET /store/category - 200 (0.017s)
2026-03-17 06:38:53,236 - api - INFO - API Response: GET /store/allproduct - 200 (0.016s)
2026-03-17 06:38:53,241 - api - INFO - API Response: GET /store/allproduct - 200 (0.014s)
2026-03-17 06:38:53,243 - api - INFO - API Request: GET /store/category
2026-03-17 06:38:53,252 - api - INFO - API Response: GET /store/category - 200 (0.009s)
2026-03-17 06:38:53,256 - api - INFO - API Request: GET /store/allproduct
2026-03-17 06:38:53,260 - api - INFO - API Request: GET /store/allproduct
2026-03-17 06:38:53,266 - api - INFO - API Response: GET /store/allproduct - 200 (0.010s)
2026-03-17 06:38:53,268 - api - INFO - API Response: GET /store/allproduct - 200 (0.008s)
2026-03-17 06:38:54,162 - api - INFO - API Request: GET /store/product
2026-03-17 06:38:54,168 - api - INFO - API Response: GET /store/product - 200 (0.006s)
2026-03-17 06:38:54,173 - api - INFO - API Request: GET /store/product
2026-03-17 06:38:54,180 - api - INFO - API Response: GET /store/product - 200 (0.007s)
2026-03-17 06:38:54,183 - api - INFO - API Request: GET /review/product_review
2026-03-17 06:38:54,191 - api - INFO - API Response: GET /review/product_review - 200 (0.009s)
2026-03-17 06:38:54,195 - api - INFO - API Request: GET /review/product_review
2026-03-17 06:38:54,199 - api - INFO - API Response: GET /review/product_review - 200 (0.004s)
2026-03-17 06:38:56,625 - api - INFO - API Request: GET /auth/csrf-token
2026-03-17 06:38:56,627 - api - INFO - API Response: GET /auth/csrf-token - 200 (0.002s)
2026-03-17 06:38:56,634 - api - INFO - API Request: POST /basket/add
2026-03-17 06:38:56,641 - api - INFO - API Response: POST /basket/add - 200 (0.007s)
2026-03-17 06:38:56,703 - watchfiles.main - INFO - 1 change detected
2026-03-17 06:39:00,597 - api - INFO - API Request: GET /basket/get_basket
2026-03-17 06:39:00,606 - api - INFO - API Response: GET /basket/get_basket - 200 (0.010s)
2026-03-17 06:39:00,613 - api - INFO - API Request: GET /basket/get_basket
2026-03-17 06:39:00,623 - api - INFO - API Response: GET /basket/get_basket - 200 (0.010s)
2026-03-17 06:39:12,060 - api - INFO - API Request: GET /user/check
2026-03-17 06:39:12,068 - api - INFO - API Response: GET /user/check - 200 (0.008s)
2026-03-17 06:39:12,098 - api - INFO - API Request: GET /basket/get_basket
2026-03-17 06:39:12,108 - api - INFO - API Response: GET /basket/get_basket - 200 (0.010s)
2026-03-17 06:39:12,114 - api - INFO - API Request: GET /basket/get_basket
2026-03-17 06:39:12,124 - api - INFO - API Response: GET /basket/get_basket - 200 (0.010s)
2026-03-17 06:42:54,008 - api - INFO - API Request: GET /basket/get_basket
2026-03-17 06:42:54,016 - api - INFO - API Response: GET /basket/get_basket - 200 (0.008s)
2026-03-17 06:42:54,029 - api - INFO - API Request: GET /basket/get_basket
2026-03-17 06:42:54,037 - api - INFO - API Response: GET /basket/get_basket - 200 (0.009s)
2026-03-17 06:42:58,332 - api - INFO - API Request: GET /user/check
2026-03-17 06:42:58,336 - api - INFO - API Response: GET /user/check - 200 (0.004s)
2026-03-17 06:42:58,363 - api - INFO - API Request: GET /basket/get_basket
2026-03-17 06:42:58,370 - api - INFO - API Response: GET /basket/get_basket - 200 (0.007s)
2026-03-17 06:42:58,375 - api - INFO - API Request: GET /basket/get_basket
2026-03-17 06:42:58,384 - api - INFO - API Response: GET /basket/get_basket - 200 (0.009s)
2026-03-17 06:42:59,270 - api - INFO - API Request: GET /store/pickup
2026-03-17 06:42:59,275 - api - INFO - API Request: GET /basket/get_basket
2026-03-17 06:42:59,286 - api - INFO - API Response: GET /store/pickup - 200 (0.016s)
2026-03-17 06:42:59,289 - api - INFO - API Response: GET /basket/get_basket - 200 (0.014s)
2026-03-17 06:42:59,296 - api - INFO - API Request: GET /store/pickup
2026-03-17 06:42:59,300 - api - INFO - API Request: GET /basket/get_basket
2026-03-17 06:42:59,301 - api - INFO - API Response: GET /store/pickup - 200 (0.005s)
2026-03-17 06:42:59,312 - api - INFO - API Response: GET /basket/get_basket - 200 (0.012s)
2026-03-17 06:43:03,841 - api - INFO - API Request: GET /basket/get_basket
2026-03-17 06:43:03,851 - api - INFO - API Response: GET /basket/get_basket - 200 (0.009s)
2026-03-17 06:43:03,855 - api - INFO - API Request: GET /basket/get_basket
2026-03-17 06:43:03,865 - api - INFO - API Response: GET /basket/get_basket - 200 (0.010s)
2026-03-17 06:43:11,028 - api - INFO - API Request: GET /auth/csrf-token
2026-03-17 06:43:11,029 - api - INFO - API Response: GET /auth/csrf-token - 200 (0.001s)
2026-03-17 06:43:11,355 - api - INFO - API Request: DELETE /basket/delete
2026-03-17 06:43:11,364 - api - INFO - API Response: DELETE /basket/delete - 200 (0.009s)
2026-03-17 06:43:11,448 - watchfiles.main - INFO - 1 change detected
2026-03-17 06:43:11,470 - api - INFO - API Request: GET /auth/csrf-token
2026-03-17 06:43:11,473 - api - INFO - API Response: GET /auth/csrf-token - 200 (0.003s)
2026-03-17 06:43:11,485 - api - INFO - API Request: DELETE /basket/delete
2026-03-17 06:43:11,492 - api - INFO - API Response: DELETE /basket/delete - 200 (0.007s)
2026-03-17 06:43:11,807 - watchfiles.main - INFO - 1 change detected
2026-03-17 06:43:34,561 - api - INFO - API Request: GET /store/category
2026-03-17 06:43:34,593 - api - INFO - API Response: GET /store/category - 200 (0.033s)
2026-03-17 06:43:34,619 - api - INFO - API Request: GET /store/allproduct
2026-03-17 06:43:34,636 - api - INFO - API Response: GET /store/allproduct - 200 (0.018s)
2026-03-17 06:43:34,649 - api - INFO - API Request: GET /store/allproduct
2026-03-17 06:43:34,657 - api - INFO - API Response: GET /store/allproduct - 200 (0.008s)
2026-03-17 06:43:34,673 - api - INFO - API Request: GET /store/category
2026-03-17 06:43:34,678 - api - INFO - API Response: GET /store/category - 200 (0.005s)
2026-03-17 06:43:34,685 - api - INFO - API Request: GET /store/allproduct
2026-03-17 06:43:34,691 - api - INFO - API Response: GET /store/allproduct - 200 (0.006s)
2026-03-17 06:43:34,697 - api - INFO - API Request: GET /store/allproduct
2026-03-17 06:43:34,702 - api - INFO - API Response: GET /store/allproduct - 200 (0.005s)
2026-03-17 06:43:35,462 - api - INFO - API Request: GET /store/product
2026-03-17 06:43:35,470 - api - INFO - API Response: GET /store/product - 200 (0.008s)
2026-03-17 06:43:35,476 - api - INFO - API Request: GET /store/product
2026-03-17 06:43:35,484 - api - INFO - API Request: GET /review/product_review
2026-03-17 06:43:35,486 - api - INFO - API Response: GET /store/product - 200 (0.010s)
2026-03-17 06:43:35,491 - api - INFO - API Response: GET /review/product_review - 200 (0.007s)
2026-03-17 06:43:35,505 - api - INFO - API Request: GET /review/product_review
2026-03-17 06:43:35,509 - api - INFO - API Response: GET /review/product_review - 200 (0.003s)
2026-03-17 06:43:36,968 - api - INFO - API Request: GET /auth/csrf-token
2026-03-17 06:43:36,970 - api - INFO - API Response: GET /auth/csrf-token - 200 (0.002s)
2026-03-17 06:43:36,983 - api - INFO - API Request: POST /basket/add
2026-03-17 06:43:36,992 - api - INFO - API Response: POST /basket/add - 200 (0.009s)
2026-03-17 06:43:37,064 - watchfiles.main - INFO - 1 change detected
2026-03-17 06:43:39,976 - api - INFO - API Request: GET /basket/get_basket
2026-03-17 06:43:39,985 - api - INFO - API Response: GET /basket/get_basket - 200 (0.009s)
2026-03-17 06:43:39,992 - api - INFO - API Request: GET /basket/get_basket
2026-03-17 06:43:40,000 - api - INFO - API Response: GET /basket/get_basket - 200 (0.008s)
2026-03-17 06:44:12,799 - api - INFO - API Request: GET /basket/get_basket
2026-03-17 06:44:12,808 - api - INFO - API Response: GET /basket/get_basket - 200 (0.009s)
2026-03-17 06:44:28,160 - api - INFO - API Request: GET /store/pickup
2026-03-17 06:44:28,163 - api - INFO - API Response: GET /store/pickup - 200 (0.003s)
2026-03-17 06:44:28,174 - api - INFO - API Request: GET /store/pickup
2026-03-17 06:44:28,176 - api - INFO - API Request: GET /basket/get_basket
2026-03-17 06:44:28,192 - api - INFO - API Response: GET /store/pickup - 200 (0.017s)
2026-03-17 06:44:28,194 - api - INFO - API Response: GET /basket/get_basket - 200 (0.018s)
2026-03-17 06:44:28,200 - api - INFO - API Request: GET /basket/get_basket
2026-03-17 06:44:28,211 - api - INFO - API Response: GET /basket/get_basket - 200 (0.011s)
2026-03-17 06:45:13,621 - api - INFO - API Request: GET /store/category
2026-03-17 06:45:13,622 - api - INFO - API Request: GET /store/pickup
2026-03-17 06:45:13,622 - api - INFO - API Request: GET /basket/score_basket
2026-03-17 06:45:13,622 - api - INFO - API Request: GET /basket/get_basket
2026-03-17 06:45:13,634 - api - INFO - API Response: GET /store/category - 200 (0.013s)
2026-03-17 06:45:13,635 - api - INFO - API Response: GET /store/pickup - 200 (0.013s)
2026-03-17 06:45:13,636 - api - INFO - API Response: GET /basket/score_basket - 200 (0.014s)
2026-03-17 06:45:13,636 - api - INFO - API Response: GET /basket/get_basket - 200 (0.014s)
2026-03-17 06:45:13,647 - api - INFO - API Request: GET /store/category
2026-03-17 06:45:13,649 - api - INFO - API Request: GET /store/pickup
2026-03-17 06:45:13,651 - api - INFO - API Request: GET /basket/score_basket
2026-03-17 06:45:13,652 - api - INFO - API Request: GET /basket/get_basket
2026-03-17 06:45:13,667 - api - INFO - API Response: GET /store/category - 200 (0.020s)
2026-03-17 06:45:13,669 - api - INFO - API Response: GET /store/pickup - 200 (0.020s)
2026-03-17 06:45:13,669 - api - INFO - API Response: GET /basket/score_basket - 200 (0.018s)
2026-03-17 06:45:13,670 - api - INFO - API Response: GET /basket/get_basket - 200 (0.018s)
2026-03-17 06:46:29,693 - api - INFO - API Request: GET /basket/score_basket
2026-03-17 06:46:29,695 - api - INFO - API Request: GET /store/pickup
2026-03-17 06:46:29,695 - api - INFO - API Request: GET /store/category
2026-03-17 06:46:29,697 - api - INFO - API Request: GET /basket/get_basket
2026-03-17 06:46:29,698 - api - INFO - API Response: GET /basket/score_basket - 200 (0.005s)
2026-03-17 06:46:29,700 - api - INFO - API Response: GET /store/pickup - 200 (0.005s)
2026-03-17 06:46:29,700 - api - INFO - API Response: GET /store/category - 200 (0.005s)
2026-03-17 06:46:29,705 - api - INFO - API Response: GET /basket/get_basket - 200 (0.008s)
2026-03-17 06:46:29,710 - api - INFO - API Request: GET /basket/score_basket
2026-03-17 06:46:29,712 - api - INFO - API Request: GET /store/pickup
2026-03-17 06:46:29,714 - api - INFO - API Request: GET /store/category
2026-03-17 06:46:29,716 - api - INFO - API Request: GET /basket/get_basket
2026-03-17 06:46:29,717 - api - INFO - API Response: GET /basket/score_basket - 200 (0.007s)
2026-03-17 06:46:29,718 - api - INFO - API Response: GET /store/pickup - 200 (0.007s)
2026-03-17 06:46:29,721 - api - INFO - API Response: GET /store/category - 200 (0.007s)
2026-03-17 06:46:29,723 - api - INFO - API Response: GET /basket/get_basket - 200 (0.007s)
2026-03-17 06:46:37,246 - api - INFO - API Request: GET /store/category
2026-03-17 06:46:37,249 - api - INFO - API Request: GET /basket/score_basket
2026-03-17 06:46:37,266 - api - INFO - API Response: GET /store/category - 200 (0.020s)
2026-03-17 06:46:37,268 - api - INFO - API Response: GET /basket/score_basket - 200 (0.019s)
2026-03-17 06:46:37,277 - api - INFO - API Request: GET /store/category
2026-03-17 06:46:37,283 - api - INFO - API Request: GET /basket/score_basket
2026-03-17 06:46:37,288 - api - INFO - API Response: GET /store/category - 200 (0.011s)
2026-03-17 06:46:37,294 - api - INFO - API Response: GET /basket/score_basket - 200 (0.012s)
2026-03-17 06:46:38,881 - api - INFO - API Request: GET /store/category
2026-03-17 06:46:38,897 - api - INFO - API Request: GET /basket/score_basket
2026-03-17 06:46:38,903 - api - INFO - API Response: GET /store/category - 200 (0.022s)
2026-03-17 06:46:38,906 - api - INFO - API Response: GET /basket/score_basket - 200 (0.009s)
2026-03-17 06:46:38,910 - api - INFO - API Request: GET /store/category
2026-03-17 06:46:38,915 - api - INFO - API Response: GET /store/category - 200 (0.005s)
2026-03-17 06:46:38,917 - api - INFO - API Request: GET /basket/score_basket
2026-03-17 06:46:38,922 - api - INFO - API Response: GET /basket/score_basket - 200 (0.005s)
2026-03-17 06:46:40,894 - api - INFO - API Request: GET /store/category
2026-03-17 06:46:40,898 - api - INFO - API Request: GET /store/pickup
2026-03-17 06:46:40,898 - api - INFO - API Request: GET /basket/score_basket
2026-03-17 06:46:40,901 - api - INFO - API Request: GET /basket/get_basket
2026-03-17 06:46:40,912 - api - INFO - API Response: GET /store/category - 200 (0.018s)
2026-03-17 06:46:40,916 - api - INFO - API Response: GET /store/pickup - 200 (0.018s)
2026-03-17 06:46:40,917 - api - INFO - API Response: GET /basket/score_basket - 200 (0.019s)
2026-03-17 06:46:40,922 - api - INFO - API Response: GET /basket/get_basket - 200 (0.022s)
2026-03-17 06:46:40,931 - api - INFO - API Request: GET /store/category
2026-03-17 06:46:40,934 - api - INFO - API Request: GET /store/pickup
2026-03-17 06:46:40,935 - api - INFO - API Request: GET /basket/score_basket
2026-03-17 06:46:40,937 - api - INFO - API Request: GET /basket/get_basket
2026-03-17 06:46:40,945 - api - INFO - API Response: GET /store/category - 200 (0.014s)
2026-03-17 06:46:40,948 - api - INFO - API Response: GET /store/pickup - 200 (0.014s)
2026-03-17 06:46:40,949 - api - INFO - API Response: GET /basket/score_basket - 200 (0.014s)
2026-03-17 06:46:40,951 - api - INFO - API Response: GET /basket/get_basket - 200 (0.014s)
2026-03-17 06:46:42,790 - api - INFO - API Request: GET /store/category
2026-03-17 06:46:42,794 - api - INFO - API Request: GET /basket/score_basket
2026-03-17 06:46:42,796 - api - INFO - API Request: GET /store/pickup
2026-03-17 06:46:42,799 - api - INFO - API Request: GET /basket/get_basket
2026-03-17 06:46:42,799 - api - INFO - API Response: GET /store/category - 200 (0.009s)
2026-03-17 06:46:42,809 - api - INFO - API Request: GET /store/category
2026-03-17 06:46:42,810 - api - INFO - API Response: GET /basket/score_basket - 200 (0.017s)
2026-03-17 06:46:42,817 - api - INFO - API Response: GET /store/pickup - 200 (0.021s)
2026-03-17 06:46:42,821 - api - INFO - API Response: GET /basket/get_basket - 200 (0.022s)
2026-03-17 06:46:42,824 - api - INFO - API Response: GET /store/category - 200 (0.016s)
2026-03-17 06:46:42,827 - api - INFO - API Request: GET /basket/score_basket
2026-03-17 06:46:42,831 - api - INFO - API Request: GET /store/pickup
2026-03-17 06:46:42,832 - api - INFO - API Request: GET /basket/get_basket
2026-03-17 06:46:42,839 - api - INFO - API Response: GET /basket/score_basket - 200 (0.011s)
2026-03-17 06:46:42,842 - api - INFO - API Response: GET /store/pickup - 200 (0.010s)
2026-03-17 06:46:42,844 - api - INFO - API Response: GET /basket/get_basket - 200 (0.011s)
2026-03-17 06:46:43,672 - api - INFO - API Request: GET /store/category
2026-03-17 06:46:43,675 - api - INFO - API Request: GET /basket/score_basket
2026-03-17 06:46:43,679 - api - INFO - API Request: GET /store/pickup
2026-03-17 06:46:43,688 - api - INFO - API Request: GET /basket/get_basket
2026-03-17 06:46:43,694 - api - INFO - API Response: GET /store/category - 200 (0.022s)
2026-03-17 06:46:43,697 - api - INFO - API Response: GET /basket/score_basket - 200 (0.022s)
2026-03-17 06:46:43,698 - api - INFO - API Request: GET /store/category
2026-03-17 06:46:43,699 - api - INFO - API Response: GET /store/pickup - 200 (0.020s)
2026-03-17 06:46:43,707 - api - INFO - API Response: GET /basket/get_basket - 200 (0.019s)
2026-03-17 06:46:43,716 - api - INFO - API Response: GET /store/category - 200 (0.018s)
2026-03-17 06:46:43,719 - api - INFO - API Request: GET /basket/score_basket
2026-03-17 06:46:43,729 - api - INFO - API Request: GET /store/pickup
2026-03-17 06:46:43,730 - api - INFO - API Request: GET /basket/get_basket
2026-03-17 06:46:43,738 - api - INFO - API Response: GET /basket/score_basket - 200 (0.020s)
2026-03-17 06:46:43,742 - api - INFO - API Response: GET /store/pickup - 200 (0.013s)
2026-03-17 06:46:43,745 - api - INFO - API Response: GET /basket/get_basket - 200 (0.015s)
2026-03-17 06:46:49,554 - api - INFO - API Request: GET /user/check
2026-03-17 06:46:49,556 - api - INFO - API Response: GET /user/check - 401 (0.002s)
2026-03-17 06:46:49,563 - api - INFO - API Request: POST /auth/refresh
2026-03-17 06:46:49,564 - api - INFO - API Response: POST /auth/refresh - 401 (0.001s)
2026-03-17 06:46:51,296 - api - INFO - API Request: GET /user/check
2026-03-17 06:46:51,298 - api - INFO - API Response: GET /user/check - 401 (0.002s)
2026-03-17 06:46:53,008 - api - INFO - API Request: GET /user/check
2026-03-17 06:46:53,010 - api - INFO - API Response: GET /user/check - 401 (0.002s)
2026-03-17 06:46:56,934 - api - INFO - API Request: GET /user/check
2026-03-17 06:46:56,990 - api - INFO - API Response: GET /user/check - 401 (0.055s)
2026-03-17 06:47:01,762 - api - INFO - API Request: GET /store/category
2026-03-17 06:47:01,798 - api - INFO - API Response: GET /store/category - 200 (0.036s)
2026-03-17 06:47:01,807 - api - INFO - API Request: GET /basket/score_basket
2026-03-17 06:47:01,810 - api - INFO - API Response: GET /basket/score_basket - 200 (0.003s)
2026-03-17 06:47:01,814 - api - INFO - API Request: GET /store/category
2026-03-17 06:47:01,819 - api - INFO - API Response: GET /store/category - 200 (0.005s)
2026-03-17 06:47:01,823 - api - INFO - API Request: GET /basket/score_basket
2026-03-17 06:47:01,826 - api - INFO - API Response: GET /basket/score_basket - 200 (0.003s)
2026-03-17 06:47:02,552 - api - INFO - API Request: GET /store/category
2026-03-17 06:47:02,556 - api - INFO - API Request: GET /basket/score_basket
2026-03-17 06:47:02,559 - api - INFO - API Response: GET /store/category - 200 (0.007s)
2026-03-17 06:47:02,562 - api - INFO - API Response: GET /basket/score_basket - 200 (0.006s)
2026-03-17 06:47:02,565 - api - INFO - API Request: GET /store/category
2026-03-17 06:47:02,574 - api - INFO - API Response: GET /store/category - 200 (0.009s)
2026-03-17 06:47:02,575 - api - INFO - API Request: GET /basket/score_basket
2026-03-17 06:47:02,581 - api - INFO - API Response: GET /basket/score_basket - 200 (0.006s)
2026-03-17 06:47:03,134 - api - INFO - API Request: GET /store/category
2026-03-17 06:47:03,147 - api - INFO - API Request: GET /basket/score_basket
2026-03-17 06:47:03,155 - api - INFO - API Response: GET /store/category - 200 (0.022s)
2026-03-17 06:47:03,158 - api - INFO - API Response: GET /basket/score_basket - 200 (0.011s)
2026-03-17 06:47:03,160 - api - INFO - API Request: GET /store/category
2026-03-17 06:47:03,165 - api - INFO - API Response: GET /store/category - 200 (0.005s)
2026-03-17 06:47:03,168 - api - INFO - API Request: GET /basket/score_basket
2026-03-17 06:47:03,171 - api - INFO - API Response: GET /basket/score_basket - 200 (0.003s)
2026-03-17 06:47:05,862 - api - INFO - API Request: GET /user/check
2026-03-17 06:47:05,864 - api - INFO - API Response: GET /user/check - 401 (0.001s)
2026-03-17 06:47:05,874 - api - INFO - API Request: POST /auth/refresh
2026-03-17 06:47:05,876 - api - INFO - API Response: POST /auth/refresh - 401 (0.002s)
2026-03-17 06:47:30,844 - api - INFO - API Request: GET /user/check
2026-03-17 06:47:30,848 - api - INFO - API Response: GET /user/check - 401 (0.003s)
2026-03-17 06:51:41,555 - watchfiles.main - INFO - 1 change detected
2026-03-17 06:51:55,540 - api - INFO - API Request: GET /basket/score_basket
2026-03-17 06:51:55,542 - api - INFO - API Request: GET /store/category
2026-03-17 06:51:55,549 - api - INFO - API Response: GET /basket/score_basket - 401 (0.009s)
2026-03-17 06:51:55,555 - api - INFO - API Response: GET /store/category - 200 (0.013s)
2026-03-17 06:51:55,563 - api - INFO - API Request: GET /store/pickup
2026-03-17 06:51:55,565 - api - INFO - API Request: GET /basket/get_basket
2026-03-17 06:51:55,579 - api - INFO - API Request: GET /store/category
2026-03-17 06:51:55,580 - api - INFO - API Request: GET /basket/score_basket
2026-03-17 06:51:55,582 - api - INFO - API Response: GET /store/pickup - 200 (0.020s)
2026-03-17 06:51:55,593 - api - INFO - API Response: GET /basket/get_basket - 401 (0.029s)
2026-03-17 06:51:55,608 - api - INFO - API Response: GET /store/category - 200 (0.029s)
2026-03-17 06:51:55,609 - api - INFO - API Response: GET /basket/score_basket - 401 (0.029s)
2026-03-17 06:51:55,623 - api - INFO - API Request: GET /store/pickup
2026-03-17 06:51:55,625 - api - INFO - API Request: GET /basket/get_basket
2026-03-17 06:51:55,631 - api - INFO - API Response: GET /store/pickup - 200 (0.008s)
2026-03-17 06:51:55,641 - api - INFO - API Response: GET /basket/get_basket - 401 (0.016s)
2026-03-17 06:51:55,659 - api - INFO - API Request: GET /store/category
2026-03-17 06:51:55,661 - api - INFO - API Request: GET /basket/score_basket
2026-03-17 06:51:55,677 - api - INFO - API Response: GET /store/category - 200 (0.017s)
2026-03-17 06:51:55,677 - api - INFO - API Response: GET /basket/score_basket - 200 (0.016s)
2026-03-17 06:51:55,692 - api - INFO - API Request: GET /store/category
2026-03-17 06:51:55,693 - api - INFO - API Request: GET /basket/score_basket
2026-03-17 06:51:55,704 - api - INFO - API Response: GET /store/category - 200 (0.012s)
2026-03-17 06:51:55,705 - api - INFO - API Response: GET /basket/score_basket - 200 (0.012s)
2026-03-17 06:51:55,929 - api - INFO - API Request: POST /auth/refresh
2026-03-17 06:51:55,943 - api - INFO - API Response: POST /auth/refresh - 200 (0.014s)
2026-03-17 06:51:55,979 - api - INFO - API Request: GET /basket/score_basket
2026-03-17 06:51:55,991 - api - INFO - API Request: GET /basket/get_basket
2026-03-17 06:51:56,001 - api - INFO - API Response: GET /basket/score_basket - 200 (0.022s)
2026-03-17 06:51:56,005 - api - INFO - API Response: GET /basket/get_basket - 200 (0.014s)
2026-03-17 06:51:56,008 - api - INFO - API Request: GET /basket/score_basket
2026-03-17 06:51:56,016 - api - INFO - API Response: GET /basket/score_basket - 200 (0.008s)
2026-03-17 06:51:56,019 - api - INFO - API Request: GET /basket/get_basket
2026-03-17 06:51:56,029 - api - INFO - API Response: GET /basket/get_basket - 200 (0.011s)
2026-03-17 06:51:56,373 - watchfiles.main - INFO - 1 change detected
2026-03-17 06:52:08,530 - api - INFO - API Request: GET /user/check
2026-03-17 06:52:08,532 - api - INFO - API Response: GET /user/check - 401 (0.002s)
2026-03-17 06:52:10,963 - api - INFO - API Request: GET /store/category
2026-03-17 06:52:10,967 - api - INFO - API Request: GET /store/allproduct
2026-03-17 06:52:10,973 - api - INFO - API Request: GET /store/allproduct
2026-03-17 06:52:10,980 - api - INFO - API Response: GET /store/category - 200 (0.017s)
2026-03-17 06:52:10,985 - api - INFO - API Response: GET /store/allproduct - 200 (0.018s)
2026-03-17 06:52:10,989 - api - INFO - API Response: GET /store/allproduct - 200 (0.016s)
2026-03-17 06:52:10,996 - api - INFO - API Request: GET /store/category
2026-03-17 06:52:11,002 - api - INFO - API Request: GET /store/allproduct
2026-03-17 06:52:11,008 - api - INFO - API Request: GET /store/allproduct
2026-03-17 06:52:11,016 - api - INFO - API Response: GET /store/category - 200 (0.020s)
2026-03-17 06:52:11,020 - api - INFO - API Response: GET /store/allproduct - 200 (0.018s)
2026-03-17 06:52:11,024 - api - INFO - API Response: GET /store/allproduct - 200 (0.016s)
2026-03-17 06:52:11,603 - watchfiles.main - INFO - 1 change detected
2026-03-17 06:52:12,058 - api - INFO - API Request: GET /store/product
2026-03-17 06:52:12,067 - api - INFO - API Response: GET /store/product - 200 (0.009s)
2026-03-17 06:52:12,071 - api - INFO - API Request: GET /store/product
2026-03-17 06:52:12,083 - api - INFO - API Response: GET /store/product - 200 (0.012s)
2026-03-17 06:52:12,086 - api - INFO - API Request: GET /review/product_review
2026-03-17 06:52:12,091 - api - INFO - API Response: GET /review/product_review - 200 (0.005s)
2026-03-17 06:52:12,095 - api - INFO - API Request: GET /review/product_review
2026-03-17 06:52:12,101 - api - INFO - API Response: GET /review/product_review - 200 (0.006s)
2026-03-17 06:52:15,378 - api - INFO - API Request: GET /auth/csrf-token
2026-03-17 06:52:15,379 - api - INFO - API Response: GET /auth/csrf-token - 200 (0.001s)
2026-03-17 06:52:15,707 - api - INFO - API Request: POST /basket/add
2026-03-17 06:52:15,716 - api - INFO - API Response: POST /basket/add - 200 (0.010s)
2026-03-17 06:52:15,809 - watchfiles.main - INFO - 1 change detected
2026-03-17 06:52:17,169 - api - INFO - API Request: GET /basket/get_basket
2026-03-17 06:52:17,177 - api - INFO - API Response: GET /basket/get_basket - 200 (0.009s)
2026-03-17 06:52:17,182 - api - INFO - API Request: GET /basket/get_basket
2026-03-17 06:52:17,190 - api - INFO - API Response: GET /basket/get_basket - 200 (0.009s)
2026-03-17 06:52:18,787 - api - INFO - API Request: GET /user/check
2026-03-17 06:52:18,788 - api - INFO - API Response: GET /user/check - 401 (0.001s)
2026-03-17 06:52:26,735 - watchfiles.main - INFO - 1 change detected
2026-03-17 06:52:31,118 - api - INFO - API Request: GET /auth/csrf-token
2026-03-17 06:52:31,119 - api - INFO - API Response: GET /auth/csrf-token - 200 (0.001s)
2026-03-17 06:52:31,128 - api - INFO - API Request: POST /auth/authorization
2026-03-17 06:52:31,422 - api - INFO - API Response: POST /auth/authorization - 200 (0.293s)
2026-03-17 06:52:31,445 - api - INFO - API Request: GET /store/category
2026-03-17 06:52:31,451 - api - INFO - API Request: GET /store/allproduct
2026-03-17 06:52:31,458 - api - INFO - API Response: GET /store/category - 200 (0.014s)
2026-03-17 06:52:31,459 - api - INFO - API Response: GET /store/allproduct - 200 (0.009s)
2026-03-17 06:52:31,463 - api - INFO - API Request: GET /store/allproduct
2026-03-17 06:52:31,467 - api - INFO - API Request: GET /store/category
2026-03-17 06:52:31,470 - api - INFO - API Response: GET /store/allproduct - 200 (0.007s)
2026-03-17 06:52:31,472 - api - INFO - API Response: GET /store/category - 200 (0.005s)
2026-03-17 06:52:31,476 - api - INFO - API Request: GET /store/allproduct
2026-03-17 06:52:31,484 - api - INFO - API Request: GET /store/allproduct
2026-03-17 06:52:31,489 - api - INFO - API Response: GET /store/allproduct - 200 (0.013s)
2026-03-17 06:52:31,491 - api - INFO - API Response: GET /store/allproduct - 200 (0.007s)
2026-03-17 06:52:34,217 - api - INFO - API Request: GET /user/check
2026-03-17 06:52:34,220 - api - INFO - API Response: GET /user/check - 200 (0.003s)
2026-03-17 06:52:34,237 - api - INFO - API Request: GET /basket/get_basket
2026-03-17 06:52:34,246 - api - INFO - API Response: GET /basket/get_basket - 200 (0.009s)
2026-03-17 06:52:34,248 - api - INFO - API Request: GET /basket/get_basket
2026-03-17 06:52:34,254 - api - INFO - API Response: GET /basket/get_basket - 200 (0.006s)
2026-03-17 06:52:41,668 - watchfiles.main - INFO - 1 change detected
2026-03-17 06:52:56,738 - watchfiles.main - INFO - 1 change detected
2026-03-17 06:53:11,751 - watchfiles.main - INFO - 1 change detected
2026-03-17 06:53:17,534 - watchfiles.main - INFO - 1 change detected
2026-03-17 06:53:44,339 - watchfiles.main - INFO - 1 change detected
2026-03-17 06:53:59,149 - watchfiles.main - INFO - 1 change detected
2026-03-17 06:54:14,157 - watchfiles.main - INFO - 1 change detected
2026-03-17 06:54:29,236 - watchfiles.main - INFO - 1 change detected
2026-03-17 06:54:44,253 - watchfiles.main - INFO - 1 change detected
2026-03-17 06:54:59,270 - watchfiles.main - INFO - 1 change detected
2026-03-17 06:55:14,319 - watchfiles.main - INFO - 1 change detected
2026-03-17 06:55:29,365 - watchfiles.main - INFO - 1 change detected
2026-03-17 06:55:44,364 - watchfiles.main - INFO - 1 change detected
2026-03-17 06:55:59,410 - watchfiles.main - INFO - 1 change detected
2026-03-17 06:56:13,337 - api - INFO - API Request: GET /store/category
2026-03-17 06:56:13,343 - api - INFO - API Request: GET /basket/score_basket
2026-03-17 06:56:13,347 - api - INFO - API Request: GET /basket/get_basket
2026-03-17 06:56:13,360 - api - INFO - API Response: GET /store/category - 200 (0.023s)
2026-03-17 06:56:13,365 - api - INFO - API Response: GET /basket/score_basket - 200 (0.023s)
2026-03-17 06:56:13,367 - api - INFO - API Response: GET /basket/get_basket - 200 (0.021s)
2026-03-17 06:56:13,375 - api - INFO - API Request: GET /store/category
2026-03-17 06:56:13,384 - api - INFO - API Request: GET /basket/score_basket
2026-03-17 06:56:13,386 - api - INFO - API Request: GET /basket/get_basket
2026-03-17 06:56:13,399 - api - INFO - API Response: GET /store/category - 200 (0.024s)
2026-03-17 06:56:13,405 - api - INFO - API Response: GET /basket/score_basket - 200 (0.020s)
2026-03-17 06:56:13,409 - api - INFO - API Response: GET /basket/get_basket - 200 (0.021s)
2026-03-17 06:56:13,882 - api - INFO - API Request: GET /store/category
2026-03-17 06:56:13,886 - api - INFO - API Request: GET /basket/get_basket
2026-03-17 06:56:13,886 - api - INFO - API Request: GET /basket/score_basket
2026-03-17 06:56:13,887 - api - INFO - API Request: GET /store/pickup
2026-03-17 06:56:13,900 - api - INFO - API Response: GET /store/category - 200 (0.018s)
2026-03-17 06:56:13,903 - api - INFO - API Response: GET /basket/get_basket - 200 (0.016s)
2026-03-17 06:56:13,903 - api - INFO - API Response: GET /basket/score_basket - 200 (0.017s)
2026-03-17 06:56:13,904 - api - INFO - API Response: GET /store/pickup - 200 (0.017s)
2026-03-17 06:56:13,916 - api - INFO - API Request: GET /store/category
2026-03-17 06:56:13,920 - api - INFO - API Request: GET /basket/get_basket
2026-03-17 06:56:13,921 - api - INFO - API Request: GET /basket/score_basket
2026-03-17 06:56:13,922 - api - INFO - API Request: GET /store/pickup
2026-03-17 06:56:13,936 - api - INFO - API Response: GET /store/category - 200 (0.020s)
2026-03-17 06:56:13,940 - api - INFO - API Response: GET /basket/get_basket - 200 (0.020s)
2026-03-17 06:56:13,941 - api - INFO - API Response: GET /basket/score_basket - 200 (0.022s)
2026-03-17 06:56:13,943 - api - INFO - API Response: GET /store/pickup - 200 (0.021s)
2026-03-17 06:56:14,434 - watchfiles.main - INFO - 1 change detected
2026-03-17 06:56:21,763 - watchfiles.main - INFO - 1 change detected
2026-03-17 06:56:24,818 - api - INFO - API Request: GET /store/category
2026-03-17 06:56:24,822 - api - INFO - API Request: GET /basket/score_basket
2026-03-17 06:56:24,827 - api - INFO - API Request: GET /basket/get_basket
2026-03-17 06:56:24,841 - api - INFO - API Response: GET /store/category - 200 (0.023s)
2026-03-17 06:56:24,844 - api - INFO - API Response: GET /basket/score_basket - 200 (0.022s)
2026-03-17 06:56:24,846 - api - INFO - API Response: GET /basket/get_basket - 200 (0.018s)
2026-03-17 06:56:24,851 - api - INFO - API Request: GET /store/category
2026-03-17 06:56:24,859 - api - INFO - API Request: GET /basket/score_basket
2026-03-17 06:56:24,863 - api - INFO - API Request: GET /basket/get_basket
2026-03-17 06:56:24,877 - api - INFO - API Response: GET /store/category - 200 (0.025s)
2026-03-17 06:56:24,880 - api - INFO - API Response: GET /basket/score_basket - 200 (0.020s)
2026-03-17 06:56:24,882 - api - INFO - API Response: GET /basket/get_basket - 200 (0.018s)
2026-03-17 06:56:25,375 - api - INFO - API Request: GET /store/category
2026-03-17 06:56:25,378 - api - INFO - API Request: GET /basket/score_basket
2026-03-17 06:56:25,382 - api - INFO - API Response: GET /store/category - 200 (0.007s)
2026-03-17 06:56:25,383 - api - INFO - API Response: GET /basket/score_basket - 200 (0.005s)
2026-03-17 06:56:25,389 - api - INFO - API Request: GET /store/pickup
2026-03-17 06:56:25,392 - api - INFO - API Request: GET /basket/get_basket
2026-03-17 06:56:25,399 - api - INFO - API Response: GET /store/pickup - 200 (0.010s)
2026-03-17 06:56:25,400 - api - INFO - API Response: GET /basket/get_basket - 200 (0.008s)
2026-03-17 06:56:25,406 - api - INFO - API Request: GET /store/category
2026-03-17 06:56:25,410 - api - INFO - API Request: GET /basket/score_basket
2026-03-17 06:56:25,413 - api - INFO - API Response: GET /store/category - 200 (0.007s)
2026-03-17 06:56:25,415 - api - INFO - API Response: GET /basket/score_basket - 200 (0.005s)
2026-03-17 06:56:25,421 - api - INFO - API Request: GET /store/pickup
2026-03-17 06:56:25,424 - api - INFO - API Request: GET /basket/get_basket
2026-03-17 06:56:25,434 - api - INFO - API Response: GET /store/pickup - 200 (0.013s)
2026-03-17 06:56:25,437 - api - INFO - API Response: GET /basket/get_basket - 200 (0.013s)
2026-03-17 06:56:35,206 - api - INFO - API Request: GET /store/category
2026-03-17 06:56:35,210 - api - INFO - API Request: GET /basket/score_basket
2026-03-17 06:56:35,232 - api - INFO - API Request: GET /basket/get_basket
2026-03-17 06:56:35,259 - api - INFO - API Response: GET /store/category - 200 (0.054s)
2026-03-17 06:56:35,262 - api - INFO - API Response: GET /basket/score_basket - 200 (0.054s)
2026-03-17 06:56:35,267 - api - INFO - API Response: GET /basket/get_basket - 200 (0.036s)
2026-03-17 06:56:35,285 - api - INFO - API Request: GET /store/category
2026-03-17 06:56:35,288 - api - INFO - API Request: GET /basket/score_basket
2026-03-17 06:56:35,337 - api - INFO - API Request: GET /basket/get_basket
2026-03-17 06:56:35,352 - api - INFO - API Response: GET /store/category - 200 (0.067s)
2026-03-17 06:56:35,355 - api - INFO - API Response: GET /basket/score_basket - 200 (0.067s)
2026-03-17 06:56:35,360 - api - INFO - API Response: GET /basket/get_basket - 200 (0.023s)
2026-03-17 06:56:35,517 - api - INFO - API Request: GET /store/category
2026-03-17 06:56:35,524 - api - INFO - API Request: GET /basket/score_basket
2026-03-17 06:56:35,526 - api - INFO - API Request: GET /basket/get_basket
2026-03-17 06:56:35,527 - api - INFO - API Request: GET /store/pickup
2026-03-17 06:56:35,538 - api - INFO - API Response: GET /store/category - 200 (0.021s)
2026-03-17 06:56:35,542 - api - INFO - API Response: GET /basket/score_basket - 200 (0.018s)
2026-03-17 06:56:35,543 - api - INFO - API Response: GET /basket/get_basket - 200 (0.017s)
2026-03-17 06:56:35,544 - api - INFO - API Response: GET /store/pickup - 200 (0.017s)
2026-03-17 06:56:35,552 - api - INFO - API Request: GET /store/category
2026-03-17 06:56:35,557 - api - INFO - API Request: GET /basket/score_basket
2026-03-17 06:56:35,559 - api - INFO - API Request: GET /basket/get_basket
2026-03-17 06:56:35,559 - api - INFO - API Request: GET /store/pickup
2026-03-17 06:56:35,567 - api - INFO - API Response: GET /store/category - 200 (0.016s)
2026-03-17 06:56:35,572 - api - INFO - API Response: GET /basket/score_basket - 200 (0.015s)
2026-03-17 06:56:35,574 - api - INFO - API Response: GET /basket/get_basket - 200 (0.015s)
2026-03-17 06:56:35,576 - api - INFO - API Response: GET /store/pickup - 200 (0.017s)
2026-03-17 06:56:45,690 - watchfiles.main - INFO - 1 change detected
2026-03-17 06:56:47,250 - api - INFO - API Request: GET /basket/get_basket
2026-03-17 06:56:47,262 - api - INFO - API Response: GET /basket/get_basket - 200 (0.012s)
2026-03-17 06:56:53,586 - api - INFO - API Request: GET /store/category
2026-03-17 06:56:53,588 - api - INFO - API Request: GET /basket/score_basket
2026-03-17 06:56:53,611 - api - INFO - API Response: GET /store/category - 200 (0.026s)
2026-03-17 06:56:53,614 - api - INFO - API Response: GET /basket/score_basket - 200 (0.027s)
2026-03-17 06:56:53,646 - api - INFO - API Request: GET /user/info
2026-03-17 06:56:53,648 - api - INFO - API Request: GET /basket/get_basket
2026-03-17 06:56:53,675 - api - INFO - API Response: GET /user/info - 404 (0.029s)
2026-03-17 06:56:53,679 - api - INFO - API Response: GET /basket/get_basket - 200 (0.031s)
2026-03-17 06:56:53,706 - api - INFO - API Request: GET /store/category
2026-03-17 06:56:53,712 - api - INFO - API Request: GET /basket/score_basket
2026-03-17 06:56:53,728 - api - INFO - API Response: GET /store/category - 200 (0.021s)
2026-03-17 06:56:53,729 - api - INFO - API Response: GET /basket/score_basket - 200 (0.017s)
2026-03-17 06:56:53,749 - api - INFO - API Request: GET /user/info
2026-03-17 06:56:53,751 - api - INFO - API Request: GET /basket/get_basket
2026-03-17 06:56:53,768 - api - INFO - API Response: GET /user/info - 404 (0.019s)
2026-03-17 06:56:53,773 - api - INFO - API Response: GET /basket/get_basket - 200 (0.022s)
2026-03-17 06:57:00,722 - watchfiles.main - INFO - 1 change detected
2026-03-17 06:57:15,757 - watchfiles.main - INFO - 1 change detected
2026-03-17 06:57:16,904 - watchfiles.main - INFO - 1 change detected
2026-03-17 06:58:20,021 - main - INFO - Starting spoXpro Backend v1.0.0
2026-03-17 06:58:20,022 - main - INFO - Need inizializate DB
2026-03-17 06:58:27,026 - api - INFO - API Request: GET /store/category
2026-03-17 06:58:27,027 - api - INFO - API Request: GET /basket/score_basket
2026-03-17 06:58:27,029 - api - INFO - API Request: GET /user/info
2026-03-17 06:58:27,029 - api - INFO - API Request: GET /basket/get_basket
2026-03-17 06:58:27,072 - api - INFO - API Response: GET /store/category - 200 (0.046s)
2026-03-17 06:58:27,075 - api - INFO - API Response: GET /basket/score_basket - 200 (0.047s)
2026-03-17 06:58:27,075 - api - INFO - API Response: GET /user/info - 200 (0.046s)
2026-03-17 06:58:27,076 - api - INFO - API Response: GET /basket/get_basket - 200 (0.047s)
2026-03-17 06:58:27,088 - api - INFO - API Request: GET /store/category
2026-03-17 06:58:27,091 - api - INFO - API Request: GET /basket/score_basket
2026-03-17 06:58:27,092 - api - INFO - API Request: GET /user/info
2026-03-17 06:58:27,094 - api - INFO - API Request: GET /basket/get_basket
2026-03-17 06:58:27,109 - api - INFO - API Response: GET /store/category - 200 (0.021s)
2026-03-17 06:58:27,111 - api - INFO - API Response: GET /basket/score_basket - 200 (0.020s)
2026-03-17 06:58:27,112 - api - INFO - API Response: GET /user/info - 200 (0.020s)
2026-03-17 06:58:27,113 - api - INFO - API Response: GET /basket/get_basket - 200 (0.020s)
2026-03-17 06:58:39,428 - api - INFO - API Request: GET /store/pickup
2026-03-17 06:58:39,430 - api - INFO - API Request: GET /basket/get_basket
2026-03-17 06:58:39,439 - api - INFO - API Response: GET /store/pickup - 200 (0.011s)
2026-03-17 06:58:39,441 - api - INFO - API Response: GET /basket/get_basket - 200 (0.012s)
2026-03-17 06:58:39,446 - api - INFO - API Request: GET /store/pickup
2026-03-17 06:58:39,450 - api - INFO - API Request: GET /basket/get_basket
2026-03-17 06:58:39,457 - api - INFO - API Response: GET /store/pickup - 200 (0.011s)
2026-03-17 06:58:39,460 - api - INFO - API Response: GET /basket/get_basket - 200 (0.010s)
2026-03-17 06:58:54,769 - api - INFO - API Request: GET /auth/csrf-token
2026-03-17 06:58:54,771 - api - INFO - API Response: GET /auth/csrf-token - 200 (0.002s)
2026-03-17 06:58:55,085 - api - INFO - API Request: POST /basket/order
2026-03-17 06:58:55,088 - api - INFO - API Response: POST /basket/order - 403 (0.003s)
2026-03-17 06:59:06,396 - watchfiles.main - INFO - 1 change detected
2026-03-17 07:00:08,728 - watchfiles.main - INFO - 8 changes detected
2026-03-17 07:01:57,012 - main - INFO - Starting spoXpro Backend v1.0.0
2026-03-17 07:01:57,013 - main - INFO - Need inizializate DB
2026-03-17 07:02:03,531 - api - INFO - API Request: GET /auth/csrf-token
2026-03-17 07:02:03,534 - api - INFO - API Response: GET /auth/csrf-token - 200 (0.003s)
2026-03-17 07:02:03,542 - api - INFO - API Request: POST /basket/order
2026-03-17 07:02:03,545 - routes.basket - ERROR - 'sub'
2026-03-17 07:02:03,546 - api - INFO - API Response: POST /basket/order - 500 (0.004s)
2026-03-17 07:02:29,521 - watchfiles.main - INFO - 4 changes detected
2026-03-17 07:02:39,963 - api - INFO - API Request: GET /auth/csrf-token
2026-03-17 07:02:39,965 - api - INFO - API Response: GET /auth/csrf-token - 200 (0.002s)
2026-03-17 07:02:39,972 - api - INFO - API Request: POST /basket/order
2026-03-17 07:02:39,973 - routes.basket - ERROR - 'sub'
2026-03-17 07:02:39,974 - api - INFO - API Response: POST /basket/order - 500 (0.002s)
2026-03-17 07:02:44,125 - main - INFO - Application shutdown completed
2026-03-17 07:02:53,137 - main - INFO - Starting spoXpro Backend v1.0.0
2026-03-17 07:02:53,138 - main - INFO - Need inizializate DB
2026-03-17 07:02:56,493 - api - INFO - API Request: GET /auth/csrf-token
2026-03-17 07:02:56,496 - api - INFO - API Response: GET /auth/csrf-token - 200 (0.003s)
2026-03-17 07:02:56,502 - api - INFO - API Request: POST /basket/order
2026-03-17 07:02:56,534 - routes.basket - ERROR - 'sub'
2026-03-17 07:02:56,535 - api - INFO - API Response: POST /basket/order - 500 (0.033s)
2026-03-17 07:03:18,745 - api - INFO - API Request: GET /user/check
2026-03-17 07:03:18,749 - api - INFO - API Response: GET /user/check - 200 (0.004s)
2026-03-17 07:03:18,780 - api - INFO - API Request: GET /user/info
2026-03-17 07:03:18,784 - api - INFO - API Response: GET /user/info - 200 (0.004s)
2026-03-17 07:03:18,790 - api - INFO - API Request: GET /basket/get_basket
2026-03-17 07:03:18,801 - api - INFO - API Response: GET /basket/get_basket - 200 (0.011s)
2026-03-17 07:03:18,805 - api - INFO - API Request: GET /user/info
2026-03-17 07:03:18,811 - api - INFO - API Response: GET /user/info - 200 (0.006s)
2026-03-17 07:03:18,821 - api - INFO - API Request: GET /basket/get_basket
2026-03-17 07:03:18,827 - api - INFO - API Response: GET /basket/get_basket - 200 (0.007s)
2026-03-17 07:03:20,056 - api - INFO - API Request: GET /store/pickup
2026-03-17 07:03:20,061 - api - INFO - API Request: GET /basket/get_basket
2026-03-17 07:03:20,071 - api - INFO - API Response: GET /store/pickup - 200 (0.014s)
2026-03-17 07:03:20,076 - api - INFO - API Response: GET /basket/get_basket - 200 (0.015s)
2026-03-17 07:03:20,078 - api - INFO - API Request: GET /store/pickup
2026-03-17 07:03:20,082 - api - INFO - API Response: GET /store/pickup - 200 (0.004s)
2026-03-17 07:03:20,085 - api - INFO - API Request: GET /basket/get_basket
2026-03-17 07:03:20,097 - api - INFO - API Response: GET /basket/get_basket - 200 (0.013s)
2026-03-17 07:03:23,043 - api - INFO - API Request: GET /auth/csrf-token
2026-03-17 07:03:23,045 - api - INFO - API Response: GET /auth/csrf-token - 200 (0.002s)
2026-03-17 07:03:23,052 - api - INFO - API Request: POST /basket/order
2026-03-17 07:03:23,057 - routes.basket - ERROR - 'sub'
2026-03-17 07:03:23,059 - api - INFO - API Response: POST /basket/order - 500 (0.007s)
2026-03-17 07:03:31,306 - api - INFO - API Request: GET /auth/csrf-token
2026-03-17 07:03:31,308 - api - INFO - API Response: GET /auth/csrf-token - 200 (0.003s)
2026-03-17 07:03:31,315 - api - INFO - API Request: POST /basket/order
2026-03-17 07:03:31,319 - routes.basket - ERROR - 'sub'
2026-03-17 07:03:31,320 - api - INFO - API Response: POST /basket/order - 500 (0.005s)
2026-03-17 07:04:02,395 - main - INFO - Starting spoXpro Backend v1.0.0
2026-03-17 07:04:02,396 - main - INFO - Need inizializate DB
2026-03-17 07:04:57,099 - main - INFO - Starting spoXpro Backend v1.0.0
2026-03-17 07:04:57,100 - main - INFO - Need inizializate DB
2026-03-17 07:05:01,187 - api - INFO - API Request: GET /auth/csrf-token
2026-03-17 07:05:01,190 - api - INFO - API Response: GET /auth/csrf-token - 200 (0.003s)
2026-03-17 07:05:01,201 - api - INFO - API Request: POST /basket/order
2026-03-17 07:05:01,251 - api - INFO - API Response: POST /basket/order - 200 (0.050s)
2026-03-17 07:05:01,300 - watchfiles.main - INFO - 1 change detected
2026-03-17 07:05:02,940 - api - INFO - API Request: GET /user/info
2026-03-17 07:05:02,949 - api - INFO - API Request: GET /basket/get_basket
2026-03-17 07:05:02,959 - api - INFO - API Response: GET /user/info - 200 (0.019s)
2026-03-17 07:05:02,962 - api - INFO - API Response: GET /basket/get_basket - 200 (0.013s)
2026-03-17 07:05:02,967 - api - INFO - API Request: GET /user/info
2026-03-17 07:05:02,974 - api - INFO - API Request: GET /basket/get_basket
2026-03-17 07:05:02,983 - api - INFO - API Response: GET /user/info - 200 (0.016s)
2026-03-17 07:05:02,986 - api - INFO - API Response: GET /basket/get_basket - 200 (0.012s)
2026-03-17 07:05:33,986 - api - INFO - API Request: GET /basket/get_basket
2026-03-17 07:05:34,006 - api - INFO - API Request: GET /store/pickup
2026-03-17 07:05:34,062 - api - INFO - API Response: GET /basket/get_basket - 200 (0.076s)
2026-03-17 07:05:34,064 - api - INFO - API Response: GET /store/pickup - 200 (0.077s)
2026-03-17 07:05:34,089 - api - INFO - API Request: GET /basket/get_basket
2026-03-17 07:05:34,092 - api - INFO - API Request: GET /store/pickup
2026-03-17 07:05:34,104 - api - INFO - API Response: GET /basket/get_basket - 200 (0.015s)
2026-03-17 07:05:34,106 - api - INFO - API Response: GET /store/pickup - 200 (0.014s)
2026-03-17 07:05:36,143 - api - INFO - API Request: GET /auth/csrf-token
2026-03-17 07:05:36,146 - api - INFO - API Response: GET /auth/csrf-token - 200 (0.003s)
2026-03-17 07:05:36,154 - api - INFO - API Request: POST /basket/order
2026-03-17 07:05:36,165 - api - INFO - API Response: POST /basket/order - 200 (0.011s)
2026-03-17 07:05:36,226 - watchfiles.main - INFO - 1 change detected
2026-03-17 07:05:37,416 - api - INFO - API Request: GET /user/info
2026-03-17 07:05:37,427 - api - INFO - API Request: GET /basket/get_basket
2026-03-17 07:05:37,438 - api - INFO - API Response: GET /user/info - 200 (0.022s)
2026-03-17 07:05:37,444 - api - INFO - API Response: GET /basket/get_basket - 200 (0.017s)
2026-03-17 07:05:37,446 - api - INFO - API Request: GET /user/info
2026-03-17 07:05:37,458 - api - INFO - API Response: GET /user/info - 200 (0.011s)
2026-03-17 07:05:37,462 - api - INFO - API Request: GET /basket/get_basket
2026-03-17 07:05:37,476 - api - INFO - API Response: GET /basket/get_basket - 200 (0.013s)
2026-03-17 07:06:41,515 - watchfiles.main - INFO - 1 change detected
2026-03-17 07:06:54,976 - watchfiles.main - INFO - 1 change detected
2026-03-17 07:07:00,090 - watchfiles.main - INFO - 1 change detected
2026-03-17 07:07:23,385 - watchfiles.main - INFO - 1 change detected
2026-03-17 07:07:40,089 - watchfiles.main - INFO - 1 change detected
2026-03-17 07:07:58,928 - watchfiles.main - INFO - 1 change detected
2026-03-17 07:08:13,947 - watchfiles.main - INFO - 1 change detected
2026-03-17 07:08:28,946 - watchfiles.main - INFO - 1 change detected
2026-03-17 07:08:30,801 - watchfiles.main - INFO - 1 change detected
2026-03-17 07:09:31,020 - api - INFO - API Request: GET /store/category
2026-03-17 07:09:31,022 - api - INFO - API Request: GET /store/allproduct
2026-03-17 07:09:31,036 - api - INFO - API Request: GET /store/allproduct
2026-03-17 07:09:31,043 - api - INFO - API Response: GET /store/category - 200 (0.022s)
2026-03-17 07:09:31,044 - api - INFO - API Response: GET /store/allproduct - 200 (0.022s)
2026-03-17 07:09:31,051 - api - INFO - API Response: GET /store/allproduct - 200 (0.015s)
2026-03-17 07:09:31,061 - api - INFO - API Request: GET /store/category
2026-03-17 07:09:31,065 - api - INFO - API Request: GET /store/allproduct
2026-03-17 07:09:31,077 - api - INFO - API Request: GET /store/allproduct
2026-03-17 07:09:31,084 - api - INFO - API Response: GET /store/category - 200 (0.023s)
2026-03-17 07:09:31,087 - api - INFO - API Response: GET /store/allproduct - 200 (0.022s)
2026-03-17 07:09:31,094 - api - INFO - API Response: GET /store/allproduct - 200 (0.017s)
2026-03-17 07:09:34,552 - api - INFO - API Request: GET /store/product
2026-03-17 07:09:34,562 - api - INFO - API Response: GET /store/product - 200 (0.010s)
2026-03-17 07:09:34,565 - api - INFO - API Request: GET /store/product
2026-03-17 07:09:34,572 - api - INFO - API Request: GET /review/product_review
2026-03-17 07:09:34,573 - api - INFO - API Response: GET /store/product - 200 (0.008s)
2026-03-17 07:09:34,576 - api - INFO - API Response: GET /review/product_review - 200 (0.004s)
2026-03-17 07:09:34,583 - api - INFO - API Request: GET /review/product_review
2026-03-17 07:09:34,585 - api - INFO - API Response: GET /review/product_review - 200 (0.002s)
2026-03-17 07:09:35,980 - api - INFO - API Request: GET /auth/csrf-token
2026-03-17 07:09:35,983 - api - INFO - API Response: GET /auth/csrf-token - 200 (0.002s)
2026-03-17 07:09:36,311 - api - INFO - API Request: POST /basket/add
2026-03-17 07:09:36,321 - api - INFO - API Response: POST /basket/add - 200 (0.010s)
2026-03-17 07:09:40,254 - api - INFO - API Request: GET /basket/get_basket
2026-03-17 07:09:40,263 - api - INFO - API Response: GET /basket/get_basket - 200 (0.009s)
2026-03-17 07:09:40,269 - api - INFO - API Request: GET /basket/get_basket
2026-03-17 07:09:40,275 - api - INFO - API Response: GET /basket/get_basket - 200 (0.006s)
2026-03-17 07:09:47,364 - main - INFO - Application shutdown completed
2026-03-17 07:09:48,016 - watchfiles.main - INFO - 2 changes detected
2026-03-17 07:09:51,253 - watchfiles.main - INFO - 5 changes detected
2026-03-17 07:09:51,665 - watchfiles.main - INFO - 1 change detected
2026-03-17 07:09:52,545 - watchfiles.main - INFO - 1 change detected
2026-03-17 07:09:52,714 - main - INFO - Starting spoXpro Backend v1.0.0
2026-03-17 07:09:52,717 - main - INFO - Need inizializate DB
2026-03-17 07:09:54,828 - api - INFO - API Request: GET /store/pickup
2026-03-17 07:09:54,829 - api - INFO - API Request: GET /basket/get_basket
2026-03-17 07:09:54,866 - api - INFO - API Response: GET /store/pickup - 200 (0.038s)
2026-03-17 07:09:54,869 - api - INFO - API Response: GET /basket/get_basket - 200 (0.040s)
2026-03-17 07:09:54,874 - api - INFO - API Request: GET /store/pickup
2026-03-17 07:09:54,876 - api - INFO - API Request: GET /basket/get_basket
2026-03-17 07:09:54,884 - api - INFO - API Response: GET /store/pickup - 200 (0.011s)
2026-03-17 07:09:54,886 - api - INFO - API Response: GET /basket/get_basket - 200 (0.011s)
2026-03-17 07:09:59,232 - api - INFO - API Request: GET /auth/csrf-token
2026-03-17 07:09:59,233 - api - INFO - API Response: GET /auth/csrf-token - 200 (0.001s)
2026-03-17 07:09:59,553 - api - INFO - API Request: POST /basket/order
2026-03-17 07:09:59,574 - api - INFO - API Response: POST /basket/order - 200 (0.022s)
2026-03-17 07:09:59,638 - watchfiles.main - INFO - 1 change detected
2026-03-17 07:10:00,747 - api - INFO - API Request: GET /user/info
2026-03-17 07:10:00,756 - api - INFO - API Request: GET /basket/get_basket
2026-03-17 07:10:00,766 - api - INFO - API Response: GET /user/info - 200 (0.019s)
2026-03-17 07:10:00,768 - api - INFO - API Response: GET /basket/get_basket - 200 (0.012s)
2026-03-17 07:10:00,771 - api - INFO - API Request: GET /user/info
2026-03-17 07:10:00,776 - api - INFO - API Response: GET /user/info - 200 (0.005s)
2026-03-17 07:10:00,778 - api - INFO - API Request: GET /basket/get_basket
2026-03-17 07:10:00,787 - api - INFO - API Response: GET /basket/get_basket - 200 (0.009s)
2026-03-17 07:10:06,694 - watchfiles.main - INFO - 1 change detected
2026-03-17 07:10:18,861 - api - INFO - API Request: GET /auth/csrf-token
2026-03-17 07:10:18,863 - api - INFO - API Response: GET /auth/csrf-token - 200 (0.003s)
2026-03-17 07:10:18,901 - api - INFO - API Request: DELETE /basket/delete
2026-03-17 07:10:18,915 - api - INFO - API Response: DELETE /basket/delete - 200 (0.014s)
2026-03-17 07:10:18,970 - watchfiles.main - INFO - 1 change detected
2026-03-17 07:10:19,372 - api - INFO - API Request: GET /auth/csrf-token
2026-03-17 07:10:19,374 - api - INFO - API Response: GET /auth/csrf-token - 200 (0.002s)
2026-03-17 07:10:19,383 - api - INFO - API Request: DELETE /basket/delete
2026-03-17 07:10:19,389 - api - INFO - API Response: DELETE /basket/delete - 200 (0.005s)
2026-03-17 07:10:19,479 - watchfiles.main - INFO - 1 change detected
2026-03-17 07:10:21,757 - watchfiles.main - INFO - 1 change detected
2026-03-17 07:10:22,105 - api - INFO - API Request: GET /store/category
2026-03-17 07:10:22,125 - api - INFO - API Response: GET /store/category - 200 (0.020s)
2026-03-17 07:10:22,146 - api - INFO - API Request: GET /basket/score_basket
2026-03-17 07:10:22,154 - api - INFO - API Response: GET /basket/score_basket - 200 (0.007s)
2026-03-17 07:10:22,159 - api - INFO - API Request: GET /user/info
2026-03-17 07:10:22,170 - api - INFO - API Response: GET /user/info - 200 (0.011s)
2026-03-17 07:10:22,184 - api - INFO - API Request: GET /basket/get_basket
2026-03-17 07:10:22,194 - api - INFO - API Response: GET /basket/get_basket - 200 (0.009s)
2026-03-17 07:10:22,200 - api - INFO - API Request: GET /store/category
2026-03-17 07:10:22,206 - api - INFO - API Response: GET /store/category - 200 (0.006s)
2026-03-17 07:10:22,217 - api - INFO - API Request: GET /basket/score_basket
2026-03-17 07:10:22,225 - api - INFO - API Response: GET /basket/score_basket - 200 (0.008s)
2026-03-17 07:10:22,231 - api - INFO - API Request: GET /user/info
2026-03-17 07:10:22,236 - api - INFO - API Response: GET /user/info - 200 (0.005s)
2026-03-17 07:10:22,243 - api - INFO - API Request: GET /basket/get_basket
2026-03-17 07:10:22,267 - api - INFO - API Response: GET /basket/get_basket - 200 (0.024s)
2026-03-17 07:10:23,655 - api - INFO - API Request: GET /auth/csrf-token
2026-03-17 07:10:23,657 - api - INFO - API Response: GET /auth/csrf-token - 200 (0.002s)
2026-03-17 07:10:23,672 - api - INFO - API Request: DELETE /basket/delete
2026-03-17 07:10:23,680 - api - INFO - API Response: DELETE /basket/delete - 200 (0.008s)
2026-03-17 07:10:23,764 - watchfiles.main - INFO - 1 change detected
2026-03-17 07:10:24,277 - api - INFO - API Request: GET /store/category
2026-03-17 07:10:24,282 - api - INFO - API Request: GET /basket/score_basket
2026-03-17 07:10:24,287 - api - INFO - API Request: GET /user/info
2026-03-17 07:10:24,288 - api - INFO - API Request: GET /basket/get_basket
2026-03-17 07:10:24,297 - api - INFO - API Response: GET /store/category - 200 (0.020s)
2026-03-17 07:10:24,299 - api - INFO - API Response: GET /basket/score_basket - 200 (0.017s)
2026-03-17 07:10:24,302 - api - INFO - API Request: GET /store/category
2026-03-17 07:10:24,303 - api - INFO - API Response: GET /user/info - 200 (0.016s)
2026-03-17 07:10:24,303 - api - INFO - API Response: GET /basket/get_basket - 200 (0.015s)
2026-03-17 07:10:24,312 - api - INFO - API Request: GET /basket/get_basket
2026-03-17 07:10:24,320 - api - INFO - API Response: GET /store/category - 200 (0.018s)
2026-03-17 07:10:24,322 - api - INFO - API Request: GET /basket/score_basket
2026-03-17 07:10:24,326 - api - INFO - API Response: GET /basket/get_basket - 200 (0.013s)
2026-03-17 07:10:24,328 - api - INFO - API Request: GET /user/info
2026-03-17 07:10:24,334 - api - INFO - API Response: GET /basket/score_basket - 200 (0.012s)
2026-03-17 07:10:24,337 - api - INFO - API Response: GET /user/info - 200 (0.009s)
2026-03-17 07:10:24,917 - api - INFO - API Request: GET /auth/csrf-token
2026-03-17 07:10:24,918 - api - INFO - API Response: GET /auth/csrf-token - 200 (0.001s)
2026-03-17 07:10:24,925 - api - INFO - API Request: DELETE /basket/delete
2026-03-17 07:10:24,933 - api - INFO - API Response: DELETE /basket/delete - 200 (0.007s)
2026-03-17 07:10:24,987 - watchfiles.main - INFO - 1 change detected
2026-03-17 07:10:25,504 - api - INFO - API Request: GET /store/category
2026-03-17 07:10:25,508 - api - INFO - API Request: GET /basket/score_basket
2026-03-17 07:10:25,513 - api - INFO - API Request: GET /user/info
2026-03-17 07:10:25,516 - api - INFO - API Request: GET /basket/get_basket
2026-03-17 07:10:25,525 - api - INFO - API Response: GET /store/category - 200 (0.021s)
2026-03-17 07:10:25,529 - api - INFO - API Response: GET /basket/score_basket - 200 (0.021s)
2026-03-17 07:10:25,531 - api - INFO - API Response: GET /user/info - 200 (0.020s)
2026-03-17 07:10:25,534 - api - INFO - API Response: GET /basket/get_basket - 200 (0.019s)
2026-03-17 07:10:25,535 - api - INFO - API Request: GET /store/category
2026-03-17 07:10:25,541 - api - INFO - API Response: GET /store/category - 200 (0.006s)
2026-03-17 07:10:25,548 - api - INFO - API Request: GET /basket/score_basket
2026-03-17 07:10:25,554 - api - INFO - API Request: GET /user/info
2026-03-17 07:10:25,555 - api - INFO - API Request: GET /basket/get_basket
2026-03-17 07:10:25,566 - api - INFO - API Response: GET /basket/score_basket - 200 (0.019s)
2026-03-17 07:10:25,568 - api - INFO - API Response: GET /user/info - 200 (0.014s)
2026-03-17 07:10:25,569 - api - INFO - API Response: GET /basket/get_basket - 200 (0.014s)
2026-03-17 07:10:26,768 - api - INFO - API Request: GET /store/category
2026-03-17 07:10:26,773 - api - INFO - API Request: GET /basket/score_basket
2026-03-17 07:10:26,774 - api - INFO - API Request: GET /user/info
2026-03-17 07:10:26,774 - api - INFO - API Request: GET /basket/get_basket
2026-03-17 07:10:26,788 - api - INFO - API Response: GET /store/category - 200 (0.021s)
2026-03-17 07:10:26,790 - api - INFO - API Response: GET /basket/score_basket - 200 (0.017s)
2026-03-17 07:10:26,791 - api - INFO - API Response: GET /user/info - 200 (0.017s)
2026-03-17 07:10:26,791 - api - INFO - API Response: GET /basket/get_basket - 200 (0.017s)
2026-03-17 07:10:26,792 - api - INFO - API Request: GET /store/category
2026-03-17 07:10:26,800 - api - INFO - API Request: GET /user/info
2026-03-17 07:10:26,804 - api - INFO - API Response: GET /store/category - 200 (0.012s)
2026-03-17 07:10:26,806 - api - INFO - API Request: GET /basket/score_basket
2026-03-17 07:10:26,807 - api - INFO - API Response: GET /user/info - 200 (0.008s)
2026-03-17 07:10:26,812 - api - INFO - API Request: GET /basket/get_basket
2026-03-17 07:10:26,819 - api - INFO - API Response: GET /basket/score_basket - 200 (0.013s)
2026-03-17 07:10:26,821 - api - INFO - API Response: GET /basket/get_basket - 200 (0.009s)
2026-03-17 07:10:36,598 - api - INFO - API Request: GET /store/category
2026-03-17 07:10:36,599 - api - INFO - API Request: GET /store/allproduct
2026-03-17 07:10:36,599 - api - INFO - API Request: GET /store/allproduct
2026-03-17 07:10:36,610 - api - INFO - API Response: GET /store/category - 200 (0.012s)
2026-03-17 07:10:36,613 - api - INFO - API Response: GET /store/allproduct - 200 (0.014s)
2026-03-17 07:10:36,614 - api - INFO - API Response: GET /store/allproduct - 200 (0.015s)
2026-03-17 07:10:36,621 - api - INFO - API Request: GET /store/category
2026-03-17 07:10:36,624 - api - INFO - API Request: GET /store/allproduct
2026-03-17 07:10:36,629 - api - INFO - API Request: GET /store/allproduct
2026-03-17 07:10:36,639 - api - INFO - API Response: GET /store/category - 200 (0.019s)
2026-03-17 07:10:36,641 - api - INFO - API Response: GET /store/allproduct - 200 (0.018s)
2026-03-17 07:10:36,644 - api - INFO - API Response: GET /store/allproduct - 200 (0.016s)
2026-03-17 07:10:36,783 - watchfiles.main - INFO - 1 change detected
2026-03-17 07:10:37,547 - api - INFO - API Request: GET /store/product
2026-03-17 07:10:37,558 - api - INFO - API Response: GET /store/product - 200 (0.011s)
2026-03-17 07:10:37,560 - api - INFO - API Request: GET /store/product
2026-03-17 07:10:37,567 - api - INFO - API Response: GET /store/product - 200 (0.007s)
2026-03-17 07:10:37,570 - api - INFO - API Request: GET /review/product_review
2026-03-17 07:10:37,574 - api - INFO - API Response: GET /review/product_review - 200 (0.004s)
2026-03-17 07:10:37,578 - api - INFO - API Request: GET /review/product_review
2026-03-17 07:10:37,582 - api - INFO - API Response: GET /review/product_review - 200 (0.004s)
2026-03-17 07:10:41,251 - api - INFO - API Request: GET /auth/csrf-token
2026-03-17 07:10:41,252 - api - INFO - API Response: GET /auth/csrf-token - 200 (0.001s)
2026-03-17 07:10:41,260 - api - INFO - API Request: POST /basket/add
2026-03-17 07:10:41,268 - api - INFO - API Response: POST /basket/add - 200 (0.008s)
2026-03-17 07:10:41,338 - watchfiles.main - INFO - 1 change detected
2026-03-17 07:10:43,260 - api - INFO - API Request: GET /store/category
2026-03-17 07:10:43,264 - api - INFO - API Request: GET /store/allproduct
2026-03-17 07:10:43,266 - api - INFO - API Request: GET /store/allproduct
2026-03-17 07:10:43,277 - api - INFO - API Response: GET /store/category - 200 (0.017s)
2026-03-17 07:10:43,278 - api - INFO - API Response: GET /store/allproduct - 200 (0.014s)
2026-03-17 07:10:43,280 - api - INFO - API Response: GET /store/allproduct - 200 (0.014s)
2026-03-17 07:10:43,282 - api - INFO - API Request: GET /store/category
2026-03-17 07:10:43,287 - api - INFO - API Response: GET /store/category - 200 (0.005s)
2026-03-17 07:10:43,289 - api - INFO - API Request: GET /store/allproduct
2026-03-17 07:10:43,294 - api - INFO - API Request: GET /store/allproduct
2026-03-17 07:10:43,299 - api - INFO - API Response: GET /store/allproduct - 200 (0.010s)
2026-03-17 07:10:43,303 - api - INFO - API Response: GET /store/allproduct - 200 (0.010s)
2026-03-17 07:10:44,723 - api - INFO - API Request: GET /store/product
2026-03-17 07:10:44,729 - api - INFO - API Response: GET /store/product - 200 (0.006s)
2026-03-17 07:10:44,731 - api - INFO - API Request: GET /store/product
2026-03-17 07:10:44,735 - api - INFO - API Request: GET /review/product_review
2026-03-17 07:10:44,736 - api - INFO - API Response: GET /store/product - 200 (0.005s)
2026-03-17 07:10:44,738 - api - INFO - API Response: GET /review/product_review - 200 (0.003s)
2026-03-17 07:10:44,742 - api - INFO - API Request: GET /review/product_review
2026-03-17 07:10:44,744 - api - INFO - API Response: GET /review/product_review - 200 (0.002s)
2026-03-17 07:10:46,587 - api - INFO - API Request: GET /auth/csrf-token
2026-03-17 07:10:46,589 - api - INFO - API Response: GET /auth/csrf-token - 200 (0.002s)
2026-03-17 07:10:46,595 - api - INFO - API Request: POST /basket/add
2026-03-17 07:10:46,603 - api - INFO - API Response: POST /basket/add - 200 (0.008s)
2026-03-17 07:10:46,676 - watchfiles.main - INFO - 1 change detected
2026-03-17 07:10:47,699 - api - INFO - API Request: GET /basket/get_basket
2026-03-17 07:10:47,709 - api - INFO - API Response: GET /basket/get_basket - 200 (0.010s)
2026-03-17 07:10:47,711 - api - INFO - API Request: GET /basket/get_basket
2026-03-17 07:10:47,716 - api - INFO - API Response: GET /basket/get_basket - 200 (0.005s)
2026-03-17 07:10:49,537 - api - INFO - API Request: GET /store/pickup
2026-03-17 07:10:49,540 - api - INFO - API Request: GET /basket/get_basket
2026-03-17 07:10:49,553 - api - INFO - API Response: GET /store/pickup - 200 (0.016s)
2026-03-17 07:10:49,554 - api - INFO - API Response: GET /basket/get_basket - 200 (0.014s)
2026-03-17 07:10:49,558 - api - INFO - API Request: GET /store/pickup
2026-03-17 07:10:49,560 - api - INFO - API Request: GET /basket/get_basket
2026-03-17 07:10:49,566 - api - INFO - API Response: GET /store/pickup - 200 (0.010s)
2026-03-17 07:10:49,568 - api - INFO - API Response: GET /basket/get_basket - 200 (0.007s)
2026-03-17 07:10:51,870 - watchfiles.main - INFO - 1 change detected
2026-03-17 07:10:59,048 - api - INFO - API Request: GET /auth/csrf-token
2026-03-17 07:10:59,049 - api - INFO - API Response: GET /auth/csrf-token - 200 (0.001s)
2026-03-17 07:10:59,055 - api - INFO - API Request: POST /basket/order
2026-03-17 07:10:59,065 - api - INFO - API Response: POST /basket/order - 200 (0.010s)
2026-03-17 07:10:59,132 - watchfiles.main - INFO - 1 change detected
2026-03-17 07:11:00,093 - api - INFO - API Request: GET /user/info
2026-03-17 07:11:00,099 - api - INFO - API Request: GET /basket/get_basket
2026-03-17 07:11:00,104 - api - INFO - API Response: GET /user/info - 200 (0.012s)
2026-03-17 07:11:00,108 - api - INFO - API Response: GET /basket/get_basket - 200 (0.009s)
2026-03-17 07:11:00,112 - api - INFO - API Request: GET /user/info
2026-03-17 07:11:00,117 - api - INFO - API Request: GET /basket/get_basket
2026-03-17 07:11:00,121 - api - INFO - API Response: GET /user/info - 200 (0.009s)
2026-03-17 07:11:00,123 - api - INFO - API Response: GET /basket/get_basket - 200 (0.006s)
2026-03-17 07:11:06,897 - watchfiles.main - INFO - 1 change detected
2026-03-17 07:11:16,090 - api - INFO - API Request: GET /store/category
2026-03-17 07:11:16,091 - api - INFO - API Request: GET /store/allproduct
2026-03-17 07:11:16,100 - api - INFO - API Response: GET /store/category - 200 (0.010s)
2026-03-17 07:11:16,102 - api - INFO - API Response: GET /store/allproduct - 200 (0.011s)
2026-03-17 07:11:16,110 - api - INFO - API Request: GET /store/allproduct
2026-03-17 07:11:16,111 - api - INFO - API Request: GET /store/category
2026-03-17 07:11:16,117 - api - INFO - API Response: GET /store/allproduct - 200 (0.007s)
2026-03-17 07:11:16,119 - api - INFO - API Response: GET /store/category - 200 (0.007s)
2026-03-17 07:11:16,123 - api - INFO - API Request: GET /store/allproduct
2026-03-17 07:11:16,129 - api - INFO - API Request: GET /store/allproduct
2026-03-17 07:11:16,134 - api - INFO - API Response: GET /store/allproduct - 200 (0.011s)
2026-03-17 07:11:16,136 - api - INFO - API Response: GET /store/allproduct - 200 (0.007s)
2026-03-17 07:11:17,155 - api - INFO - API Request: GET /store/product
2026-03-17 07:11:17,161 - api - INFO - API Response: GET /store/product - 200 (0.006s)
2026-03-17 07:11:17,163 - api - INFO - API Request: GET /store/product
2026-03-17 07:11:17,167 - api - INFO - API Request: GET /review/product_review
2026-03-17 07:11:17,168 - api - INFO - API Response: GET /store/product - 200 (0.005s)
2026-03-17 07:11:17,171 - api - INFO - API Response: GET /review/product_review - 200 (0.003s)
2026-03-17 07:11:17,175 - api - INFO - API Request: GET /review/product_review
2026-03-17 07:11:17,177 - api - INFO - API Response: GET /review/product_review - 200 (0.002s)
2026-03-17 07:11:21,964 - watchfiles.main - INFO - 1 change detected
2026-03-17 07:11:28,957 - api - INFO - API Request: GET /user/check
2026-03-17 07:11:28,962 - api - INFO - API Response: GET /user/check - 200 (0.005s)
2026-03-17 07:11:28,991 - api - INFO - API Request: GET /user/info
2026-03-17 07:11:28,995 - api - INFO - API Request: GET /basket/get_basket
2026-03-17 07:11:29,003 - api - INFO - API Response: GET /user/info - 200 (0.011s)
2026-03-17 07:11:29,004 - api - INFO - API Response: GET /basket/get_basket - 200 (0.010s)
2026-03-17 07:11:29,006 - api - INFO - API Request: GET /user/info
2026-03-17 07:11:29,010 - api - INFO - API Request: GET /basket/get_basket
2026-03-17 07:11:29,017 - api - INFO - API Response: GET /user/info - 200 (0.011s)
2026-03-17 07:11:29,020 - api - INFO - API Response: GET /basket/get_basket - 200 (0.010s)
2026-03-17 07:11:30,277 - api - INFO - API Request: GET /store/pickup
2026-03-17 07:11:30,279 - api - INFO - API Request: GET /basket/get_basket
2026-03-17 07:11:30,288 - api - INFO - API Response: GET /store/pickup - 200 (0.011s)
2026-03-17 07:11:30,289 - api - INFO - API Response: GET /basket/get_basket - 200 (0.010s)
2026-03-17 07:11:30,291 - api - INFO - API Request: GET /store/pickup
2026-03-17 07:11:30,295 - api - INFO - API Response: GET /store/pickup - 200 (0.004s)
2026-03-17 07:11:30,297 - api - INFO - API Request: GET /basket/get_basket
2026-03-17 07:11:30,303 - api - INFO - API Response: GET /basket/get_basket - 200 (0.006s)
2026-03-17 07:11:32,165 - api - INFO - API Request: GET /store/category
2026-03-17 07:11:32,168 - api - INFO - API Request: GET /store/allproduct
2026-03-17 07:11:32,170 - api - INFO - API Request: GET /store/allproduct
2026-03-17 07:11:32,237 - api - INFO - API Response: GET /store/category - 200 (0.072s)
2026-03-17 07:11:32,239 - api - INFO - API Response: GET /store/allproduct - 200 (0.071s)
2026-03-17 07:11:32,239 - api - INFO - API Response: GET /store/allproduct - 200 (0.069s)
2026-03-17 07:11:32,242 - api - INFO - API Request: GET /store/category
2026-03-17 07:11:32,247 - api - INFO - API Response: GET /store/category - 200 (0.005s)
2026-03-17 07:11:32,250 - api - INFO - API Request: GET /store/allproduct
2026-03-17 07:11:32,255 - api - INFO - API Request: GET /store/allproduct
2026-03-17 07:11:32,259 - api - INFO - API Response: GET /store/allproduct - 200 (0.010s)
2026-03-17 07:11:32,261 - api - INFO - API Response: GET /store/allproduct - 200 (0.007s)
2026-03-17 07:11:33,891 - api - INFO - API Request: GET /user/check
2026-03-17 07:11:33,894 - api - INFO - API Response: GET /user/check - 200 (0.003s)
2026-03-17 07:11:33,910 - api - INFO - API Request: GET /user/info
2026-03-17 07:11:33,913 - api - INFO - API Request: GET /basket/get_basket
2026-03-17 07:11:33,920 - api - INFO - API Response: GET /user/info - 200 (0.010s)
2026-03-17 07:11:33,922 - api - INFO - API Response: GET /basket/get_basket - 200 (0.009s)
2026-03-17 07:11:33,924 - api - INFO - API Request: GET /user/info
2026-03-17 07:11:33,931 - api - INFO - API Response: GET /user/info - 200 (0.007s)
2026-03-17 07:11:33,933 - api - INFO - API Request: GET /basket/get_basket
2026-03-17 07:11:33,943 - api - INFO - API Response: GET /basket/get_basket - 200 (0.009s)
2026-03-17 07:11:36,988 - watchfiles.main - INFO - 1 change detected
2026-03-17 07:11:37,366 - api - INFO - API Request: GET /basket/get_basket
2026-03-17 07:11:37,384 - api - INFO - API Response: GET /basket/get_basket - 200 (0.018s)
2026-03-17 07:11:37,388 - api - INFO - API Request: GET /basket/get_basket
2026-03-17 07:11:37,406 - api - INFO - API Response: GET /basket/get_basket - 200 (0.019s)
2026-03-17 07:11:52,068 - watchfiles.main - INFO - 1 change detected
2026-03-17 07:12:07,057 - watchfiles.main - INFO - 1 change detected
2026-03-17 07:12:22,124 - watchfiles.main - INFO - 1 change detected
2026-03-17 07:12:28,074 - api - INFO - API Request: GET /basket/get_basket
2026-03-17 07:12:28,089 - api - INFO - API Response: GET /basket/get_basket - 200 (0.015s)
2026-03-17 07:12:32,091 - api - INFO - API Request: GET /store/category
2026-03-17 07:12:32,104 - api - INFO - API Response: GET /store/category - 200 (0.013s)
2026-03-17 07:12:32,110 - api - INFO - API Request: GET /store/allproduct
2026-03-17 07:12:32,120 - api - INFO - API Response: GET /store/allproduct - 200 (0.009s)
2026-03-17 07:12:32,126 - api - INFO - API Request: GET /store/allproduct
2026-03-17 07:12:32,137 - api - INFO - API Response: GET /store/allproduct - 200 (0.011s)
2026-03-17 07:12:32,143 - api - INFO - API Request: GET /store/category
2026-03-17 07:12:32,152 - api - INFO - API Response: GET /store/category - 200 (0.009s)
2026-03-17 07:12:32,159 - api - INFO - API Request: GET /store/allproduct
2026-03-17 07:12:32,172 - api - INFO - API Response: GET /store/allproduct - 200 (0.014s)
2026-03-17 07:12:32,193 - api - INFO - API Request: GET /store/allproduct
2026-03-17 07:12:32,217 - api - INFO - API Response: GET /store/allproduct - 200 (0.024s)
2026-03-17 07:12:34,364 - api - INFO - API Request: GET /basket/get_basket
2026-03-17 07:12:34,372 - api - INFO - API Response: GET /basket/get_basket - 200 (0.009s)
2026-03-17 07:12:34,374 - api - INFO - API Request: GET /basket/get_basket
2026-03-17 07:12:34,381 - api - INFO - API Response: GET /basket/get_basket - 200 (0.007s)
2026-03-17 07:12:35,175 - api - INFO - API Request: GET /store/pickup
2026-03-17 07:12:35,178 - api - INFO - API Request: GET /basket/get_basket
2026-03-17 07:12:35,187 - api - INFO - API Response: GET /store/pickup - 200 (0.012s)
2026-03-17 07:12:35,189 - api - INFO - API Response: GET /basket/get_basket - 200 (0.010s)
2026-03-17 07:12:35,191 - api - INFO - API Request: GET /store/pickup
2026-03-17 07:12:35,194 - api - INFO - API Response: GET /store/pickup - 200 (0.003s)
2026-03-17 07:12:35,197 - api - INFO - API Request: GET /basket/get_basket
2026-03-17 07:12:35,206 - api - INFO - API Response: GET /basket/get_basket - 200 (0.009s)
2026-03-17 07:12:37,136 - watchfiles.main - INFO - 1 change detected
2026-03-17 07:12:40,783 - api - INFO - API Request: GET /store/allproduct
2026-03-17 07:12:40,786 - api - INFO - API Request: GET /store/allproduct
2026-03-17 07:12:40,787 - api - INFO - API Request: GET /store/category
2026-03-17 07:12:40,802 - api - INFO - API Response: GET /store/allproduct - 200 (0.019s)
2026-03-17 07:12:40,803 - api - INFO - API Response: GET /store/allproduct - 200 (0.017s)
2026-03-17 07:12:40,804 - api - INFO - API Response: GET /store/category - 200 (0.017s)
2026-03-17 07:12:40,815 - api - INFO - API Request: GET /store/allproduct
2026-03-17 07:12:40,817 - api - INFO - API Request: GET /store/allproduct
2026-03-17 07:12:40,819 - api - INFO - API Request: GET /store/category
2026-03-17 07:12:40,832 - api - INFO - API Response: GET /store/allproduct - 200 (0.018s)
2026-03-17 07:12:40,834 - api - INFO - API Response: GET /store/allproduct - 200 (0.018s)
2026-03-17 07:12:40,835 - api - INFO - API Response: GET /store/category - 200 (0.017s)
2026-03-17 07:12:48,861 - api - INFO - API Request: GET /store/category
2026-03-17 07:12:48,867 - api - INFO - API Request: GET /store/allproduct
2026-03-17 07:12:48,874 - api - INFO - API Request: GET /store/allproduct
2026-03-17 07:12:48,879 - api - INFO - API Response: GET /store/category - 200 (0.018s)
2026-03-17 07:12:48,881 - api - INFO - API Response: GET /store/allproduct - 200 (0.014s)
2026-03-17 07:12:48,883 - api - INFO - API Response: GET /store/allproduct - 200 (0.009s)
2026-03-17 07:12:49,961 - api - INFO - API Request: GET /store/category
2026-03-17 07:12:49,963 - api - INFO - API Request: GET /store/allproduct
2026-03-17 07:12:49,967 - api - INFO - API Request: GET /store/allproduct
2026-03-17 07:12:49,973 - api - INFO - API Response: GET /store/category - 200 (0.012s)
2026-03-17 07:12:49,974 - api - INFO - API Response: GET /store/allproduct - 200 (0.011s)
2026-03-17 07:12:49,976 - api - INFO - API Response: GET /store/allproduct - 200 (0.009s)
2026-03-17 07:12:50,588 - api - INFO - API Request: GET /store/category
2026-03-17 07:12:50,591 - api - INFO - API Request: GET /store/allproduct
2026-03-17 07:12:50,592 - api - INFO - API Request: GET /store/allproduct
2026-03-17 07:12:50,601 - api - INFO - API Response: GET /store/category - 200 (0.013s)
2026-03-17 07:12:50,603 - api - INFO - API Response: GET /store/allproduct - 200 (0.012s)
2026-03-17 07:12:50,604 - api - INFO - API Response: GET /store/allproduct - 200 (0.012s)
2026-03-17 07:12:52,263 - watchfiles.main - INFO - 1 change detected
2026-03-17 07:12:56,416 - api - INFO - API Request: GET /store/category
2026-03-17 07:12:56,417 - api - INFO - API Request: GET /store/allproduct
2026-03-17 07:12:56,418 - api - INFO - API Request: GET /store/allproduct
2026-03-17 07:12:56,424 - api - INFO - API Response: GET /store/category - 200 (0.008s)
2026-03-17 07:12:56,425 - api - INFO - API Response: GET /store/allproduct - 200 (0.008s)
2026-03-17 07:12:56,425 - api - INFO - API Response: GET /store/allproduct - 200 (0.007s)
2026-03-17 07:12:56,432 - api - INFO - API Request: GET /store/category
2026-03-17 07:12:56,435 - api - INFO - API Request: GET /store/allproduct
2026-03-17 07:12:56,436 - api - INFO - API Request: GET /store/allproduct
2026-03-17 07:12:56,444 - api - INFO - API Response: GET /store/category - 200 (0.012s)
2026-03-17 07:12:56,446 - api - INFO - API Response: GET /store/allproduct - 200 (0.011s)
2026-03-17 07:12:56,448 - api - INFO - API Response: GET /store/allproduct - 200 (0.012s)
2026-03-17 07:13:01,413 - api - INFO - API Request: GET /store/category
2026-03-17 07:13:01,415 - api - INFO - API Request: GET /store/allproduct
2026-03-17 07:13:01,421 - api - INFO - API Request: GET /store/allproduct
2026-03-17 07:13:01,434 - api - INFO - API Response: GET /store/category - 200 (0.021s)
2026-03-17 07:13:01,436 - api - INFO - API Response: GET /store/allproduct - 200 (0.021s)
2026-03-17 07:13:01,439 - api - INFO - API Response: GET /store/allproduct - 200 (0.018s)
2026-03-17 07:13:01,444 - api - INFO - API Request: GET /store/category
2026-03-17 07:13:01,451 - api - INFO - API Response: GET /store/category - 200 (0.008s)
2026-03-17 07:13:01,454 - api - INFO - API Request: GET /store/allproduct
2026-03-17 07:13:01,455 - api - INFO - API Request: GET /store/allproduct
2026-03-17 07:13:01,463 - api - INFO - API Response: GET /store/allproduct - 200 (0.008s)
2026-03-17 07:13:01,464 - api - INFO - API Response: GET /store/allproduct - 200 (0.008s)
2026-03-17 07:13:03,837 - api - INFO - API Request: GET /store/category
2026-03-17 07:13:03,844 - api - INFO - API Request: GET /store/allproduct
2026-03-17 07:13:03,846 - api - INFO - API Request: GET /store/allproduct
2026-03-17 07:13:03,856 - api - INFO - API Response: GET /store/category - 200 (0.019s)
2026-03-17 07:13:03,859 - api - INFO - API Response: GET /store/allproduct - 200 (0.015s)
2026-03-17 07:13:03,862 - api - INFO - API Response: GET /store/allproduct - 200 (0.017s)
2026-03-17 07:13:03,865 - api - INFO - API Request: GET /store/category
2026-03-17 07:13:03,873 - api - INFO - API Response: GET /store/category - 200 (0.008s)
2026-03-17 07:13:03,876 - api - INFO - API Request: GET /store/allproduct
2026-03-17 07:13:03,882 - api - INFO - API Request: GET /store/allproduct
2026-03-17 07:13:03,887 - api - INFO - API Response: GET /store/allproduct - 200 (0.011s)
2026-03-17 07:13:03,889 - api - INFO - API Response: GET /store/allproduct - 200 (0.007s)
2026-03-17 07:13:05,476 - api - INFO - API Request: GET /store/category
2026-03-17 07:13:05,486 - api - INFO - API Request: GET /store/allproduct
2026-03-17 07:13:05,492 - api - INFO - API Request: GET /store/allproduct
2026-03-17 07:13:05,507 - api - INFO - API Response: GET /store/category - 200 (0.031s)
2026-03-17 07:13:05,511 - api - INFO - API Response: GET /store/allproduct - 200 (0.024s)
2026-03-17 07:13:05,514 - api - INFO - API Response: GET /store/allproduct - 200 (0.022s)
2026-03-17 07:13:05,517 - api - INFO - API Request: GET /store/category
2026-03-17 07:13:05,528 - api - INFO - API Response: GET /store/category - 200 (0.011s)
2026-03-17 07:13:05,534 - api - INFO - API Request: GET /store/allproduct
2026-03-17 07:13:05,541 - api - INFO - API Request: GET /store/allproduct
2026-03-17 07:13:05,552 - api - INFO - API Response: GET /store/allproduct - 200 (0.018s)
2026-03-17 07:13:05,555 - api - INFO - API Response: GET /store/allproduct - 200 (0.014s)
2026-03-17 07:13:07,355 - watchfiles.main - INFO - 1 change detected
2026-03-17 07:13:22,445 - watchfiles.main - INFO - 1 change detected
2026-03-17 07:13:30,138 - api - INFO - API Request: GET /basket/get_basket
2026-03-17 07:13:30,150 - api - INFO - API Response: GET /basket/get_basket - 200 (0.012s)
2026-03-17 07:13:30,153 - api - INFO - API Request: GET /basket/get_basket
2026-03-17 07:13:30,161 - api - INFO - API Response: GET /basket/get_basket - 200 (0.009s)
2026-03-17 07:13:32,470 - api - INFO - API Request: GET /user/check
2026-03-17 07:13:32,474 - api - INFO - API Response: GET /user/check - 200 (0.004s)
2026-03-17 07:13:32,490 - api - INFO - API Request: GET /user/info
2026-03-17 07:13:32,495 - api - INFO - API Request: GET /basket/get_basket
2026-03-17 07:13:32,503 - api - INFO - API Response: GET /user/info - 200 (0.013s)
2026-03-17 07:13:32,504 - api - INFO - API Response: GET /basket/get_basket - 200 (0.009s)
2026-03-17 07:13:32,509 - api - INFO - API Request: GET /user/info
2026-03-17 07:13:32,513 - api - INFO - API Request: GET /basket/get_basket
2026-03-17 07:13:32,517 - api - INFO - API Response: GET /user/info - 200 (0.008s)
2026-03-17 07:13:32,520 - api - INFO - API Response: GET /basket/get_basket - 200 (0.007s)
2026-03-17 07:13:37,466 - watchfiles.main - INFO - 1 change detected
2026-03-17 07:13:50,854 - watchfiles.main - INFO - 1 change detected
2026-03-17 07:14:08,669 - watchfiles.main - INFO - 1 change detected
2026-03-17 07:14:23,681 - watchfiles.main - INFO - 1 change detected
2026-03-17 07:14:38,708 - watchfiles.main - INFO - 1 change detected
2026-03-17 07:14:53,744 - watchfiles.main - INFO - 1 change detected
2026-03-17 07:15:08,793 - watchfiles.main - INFO - 1 change detected
2026-03-17 07:15:23,763 - watchfiles.main - INFO - 1 change detected
2026-03-17 07:15:38,831 - watchfiles.main - INFO - 1 change detected
2026-03-17 07:15:53,846 - watchfiles.main - INFO - 1 change detected
2026-03-17 07:16:08,825 - watchfiles.main - INFO - 1 change detected
2026-03-17 07:16:23,879 - watchfiles.main - INFO - 1 change detected
2026-03-17 07:16:38,889 - watchfiles.main - INFO - 1 change detected
2026-03-17 07:16:53,963 - watchfiles.main - INFO - 1 change detected
2026-03-17 07:17:09,002 - watchfiles.main - INFO - 1 change detected
2026-03-17 07:17:24,024 - watchfiles.main - INFO - 1 change detected
2026-03-17 07:17:39,053 - watchfiles.main - INFO - 1 change detected
2026-03-17 07:17:54,083 - watchfiles.main - INFO - 1 change detected
2026-03-17 07:18:09,105 - watchfiles.main - INFO - 1 change detected
2026-03-17 07:18:24,165 - watchfiles.main - INFO - 1 change detected
2026-03-17 07:18:39,213 - watchfiles.main - INFO - 1 change detected
2026-03-17 07:18:54,231 - watchfiles.main - INFO - 1 change detected
2026-03-17 07:18:59,505 - watchfiles.main - INFO - 1 change detected
2026-03-17 07:19:46,705 - api - INFO - API Request: GET /store/category
2026-03-17 07:19:46,710 - api - INFO - API Request: GET /basket/score_basket
2026-03-17 07:19:46,718 - api - INFO - API Request: GET /user/info
2026-03-17 07:19:46,725 - api - INFO - API Response: GET /store/category - 200 (0.021s)
2026-03-17 07:19:46,729 - api - INFO - API Request: GET /basket/get_basket
2026-03-17 07:19:46,732 - api - INFO - API Response: GET /basket/score_basket - 200 (0.023s)
2026-03-17 07:19:46,746 - api - INFO - API Response: GET /user/info - 200 (0.028s)
2026-03-17 07:19:46,759 - api - INFO - API Response: GET /basket/get_basket - 200 (0.030s)
2026-03-17 07:19:46,764 - api - INFO - API Request: GET /store/category
2026-03-17 07:19:46,770 - api - INFO - API Request: GET /basket/score_basket
2026-03-17 07:19:46,777 - api - INFO - API Request: GET /user/info
2026-03-17 07:19:46,784 - api - INFO - API Response: GET /store/category - 200 (0.020s)
2026-03-17 07:19:46,788 - api - INFO - API Request: GET /basket/get_basket
2026-03-17 07:19:46,790 - api - INFO - API Response: GET /basket/score_basket - 200 (0.020s)
2026-03-17 07:19:46,800 - api - INFO - API Response: GET /user/info - 200 (0.023s)
2026-03-17 07:19:46,806 - api - INFO - API Response: GET /basket/get_basket - 200 (0.018s)
2026-03-17 07:19:47,105 - api - INFO - API Request: GET /store/pickup
2026-03-17 07:19:47,107 - api - INFO - API Request: GET /store/category
2026-03-17 07:19:47,108 - api - INFO - API Request: GET /basket/score_basket
2026-03-17 07:19:47,112 - api - INFO - API Request: GET /basket/get_basket
2026-03-17 07:19:47,146 - api - INFO - API Response: GET /store/pickup - 200 (0.042s)
2026-03-17 07:19:47,149 - api - INFO - API Response: GET /store/category - 200 (0.043s)
2026-03-17 07:19:47,150 - api - INFO - API Response: GET /basket/score_basket - 200 (0.043s)
2026-03-17 07:19:47,155 - api - INFO - API Response: GET /basket/get_basket - 200 (0.043s)
2026-03-17 07:19:47,165 - api - INFO - API Request: GET /store/pickup
2026-03-17 07:19:47,174 - api - INFO - API Request: GET /store/category
2026-03-17 07:19:47,175 - api - INFO - API Request: GET /basket/score_basket
2026-03-17 07:19:47,179 - api - INFO - API Request: GET /basket/get_basket
2026-03-17 07:19:47,199 - api - INFO - API Response: GET /store/pickup - 200 (0.034s)
2026-03-17 07:19:47,202 - api - INFO - API Response: GET /store/category - 200 (0.027s)
2026-03-17 07:19:47,203 - api - INFO - API Response: GET /basket/score_basket - 200 (0.028s)
2026-03-17 07:19:47,206 - api - INFO - API Response: GET /basket/get_basket - 200 (0.027s)
2026-03-17 07:19:47,848 - main - INFO - Application shutdown completed
2026-03-17 07:19:48,548 - watchfiles.main - INFO - 2 changes detected
2026-03-17 07:19:50,779 - watchfiles.main - INFO - 1 change detected
2026-03-17 07:19:54,336 - watchfiles.main - INFO - 1 change detected
2026-03-17 07:19:56,785 - watchfiles.main - INFO - 5 changes detected
2026-03-17 07:19:57,717 - watchfiles.main - INFO - 1 change detected
2026-03-17 07:19:57,739 - main - INFO - Starting spoXpro Backend v1.0.0
2026-03-17 07:19:57,740 - main - INFO - Need inizializate DB
2026-03-17 07:19:57,754 - api - INFO - API Request: GET /basket/get_basket
2026-03-17 07:19:57,754 - api - INFO - API Request: GET /user/info
2026-03-17 07:19:57,754 - api - INFO - API Request: GET /store/category
2026-03-17 07:19:57,755 - api - INFO - API Request: GET /basket/score_basket
2026-03-17 07:19:57,755 - api - INFO - API Request: GET /store/pickup
2026-03-17 07:19:57,755 - api - INFO - API Request: GET /basket/get_basket
2026-03-17 07:19:57,756 - api - INFO - API Request: GET /store/category
2026-03-17 07:19:57,756 - api - INFO - API Request: GET /basket/score_basket
2026-03-17 07:19:57,798 - api - INFO - API Response: GET /basket/get_basket - 200 (0.044s)
2026-03-17 07:19:57,799 - api - INFO - API Response: GET /user/info - 200 (0.045s)
2026-03-17 07:19:57,799 - api - INFO - API Response: GET /store/category - 200 (0.045s)
2026-03-17 07:19:57,800 - api - INFO - API Response: GET /basket/score_basket - 200 (0.045s)
2026-03-17 07:19:57,800 - api - INFO - API Response: GET /store/pickup - 200 (0.045s)
2026-03-17 07:19:57,800 - api - INFO - API Response: GET /basket/get_basket - 200 (0.045s)
2026-03-17 07:19:57,801 - api - INFO - API Response: GET /store/category - 200 (0.045s)
2026-03-17 07:19:57,801 - api - INFO - API Response: GET /basket/score_basket - 200 (0.045s)
2026-03-17 07:19:57,809 - api - INFO - API Request: GET /basket/get_basket
2026-03-17 07:19:57,810 - api - INFO - API Request: GET /store/category
2026-03-17 07:19:57,828 - api - INFO - API Response: GET /basket/get_basket - 200 (0.018s)
2026-03-17 07:19:57,829 - api - INFO - API Response: GET /store/category - 200 (0.018s)
2026-03-17 07:19:57,843 - api - INFO - API Request: GET /user/info
2026-03-17 07:19:57,845 - api - INFO - API Request: GET /store/category
2026-03-17 07:19:57,846 - api - INFO - API Request: GET /basket/score_basket
2026-03-17 07:19:57,847 - api - INFO - API Request: GET /store/pickup
2026-03-17 07:19:57,849 - api - INFO - API Request: GET /basket/get_basket
2026-03-17 07:19:57,850 - api - INFO - API Request: GET /basket/score_basket
2026-03-17 07:19:57,874 - api - INFO - API Response: GET /user/info - 200 (0.031s)
2026-03-17 07:19:57,874 - api - INFO - API Response: GET /store/category - 200 (0.029s)
2026-03-17 07:19:57,875 - api - INFO - API Response: GET /basket/score_basket - 200 (0.029s)
2026-03-17 07:19:57,875 - api - INFO - API Response: GET /store/pickup - 200 (0.028s)
2026-03-17 07:19:57,875 - api - INFO - API Response: GET /basket/get_basket - 200 (0.026s)
2026-03-17 07:19:57,876 - api - INFO - API Response: GET /basket/score_basket - 200 (0.026s)
2026-03-17 07:20:05,883 - api - INFO - API Request: GET /store/category
2026-03-17 07:20:05,889 - api - INFO - API Response: GET /store/category - 200 (0.006s)
2026-03-17 07:20:05,896 - api - INFO - API Request: GET /basket/score_basket
2026-03-17 07:20:05,905 - api - INFO - API Response: GET /basket/score_basket - 200 (0.009s)
2026-03-17 07:20:05,912 - api - INFO - API Request: GET /user/info
2026-03-17 07:20:05,919 - api - INFO - API Response: GET /user/info - 200 (0.007s)
2026-03-17 07:20:05,926 - api - INFO - API Request: GET /basket/get_basket
2026-03-17 07:20:05,940 - api - INFO - API Response: GET /basket/get_basket - 200 (0.015s)
2026-03-17 07:20:05,944 - api - INFO - API Request: GET /store/category
2026-03-17 07:20:05,950 - api - INFO - API Response: GET /store/category - 200 (0.006s)
2026-03-17 07:20:05,954 - api - INFO - API Request: GET /store/category
2026-03-17 07:20:05,963 - api - INFO - API Response: GET /store/category - 200 (0.008s)
2026-03-17 07:20:05,967 - api - INFO - API Request: GET /basket/score_basket
2026-03-17 07:20:05,974 - api - INFO - API Response: GET /basket/score_basket - 200 (0.007s)
2026-03-17 07:20:05,977 - api - INFO - API Request: GET /basket/score_basket
2026-03-17 07:20:05,982 - api - INFO - API Response: GET /basket/score_basket - 200 (0.006s)
2026-03-17 07:20:05,984 - api - INFO - API Request: GET /user/info
2026-03-17 07:20:05,989 - api - INFO - API Response: GET /user/info - 200 (0.005s)
2026-03-17 07:20:05,991 - api - INFO - API Request: GET /store/pickup
2026-03-17 07:20:05,996 - api - INFO - API Response: GET /store/pickup - 200 (0.005s)
2026-03-17 07:20:06,000 - api - INFO - API Request: GET /basket/get_basket
2026-03-17 07:20:06,012 - api - INFO - API Response: GET /basket/get_basket - 200 (0.011s)
2026-03-17 07:20:06,015 - api - INFO - API Request: GET /basket/get_basket
2026-03-17 07:20:06,025 - api - INFO - API Response: GET /basket/get_basket - 200 (0.010s)
2026-03-17 07:20:06,035 - api - INFO - API Request: GET /store/category
2026-03-17 07:20:06,041 - api - INFO - API Response: GET /store/category - 200 (0.006s)
2026-03-17 07:20:06,048 - api - INFO - API Request: GET /basket/score_basket
2026-03-17 07:20:06,056 - api - INFO - API Response: GET /basket/score_basket - 200 (0.008s)
2026-03-17 07:20:06,063 - api - INFO - API Request: GET /store/pickup
2026-03-17 07:20:06,068 - api - INFO - API Response: GET /store/pickup - 200 (0.005s)
2026-03-17 07:20:06,073 - api - INFO - API Request: GET /basket/get_basket
2026-03-17 07:20:06,082 - api - INFO - API Response: GET /basket/get_basket - 200 (0.009s)
2026-03-17 07:20:09,401 - watchfiles.main - INFO - 1 change detected
2026-03-17 07:20:11,535 - api - INFO - API Request: GET /user/info
2026-03-17 07:20:11,539 - api - INFO - API Request: GET /basket/get_basket
2026-03-17 07:20:11,547 - api - INFO - API Response: GET /user/info - 200 (0.012s)
2026-03-17 07:20:11,549 - api - INFO - API Response: GET /basket/get_basket - 200 (0.010s)
2026-03-17 07:20:18,298 - api - INFO - API Request: GET /user/info
2026-03-17 07:20:18,300 - api - INFO - API Request: GET /basket/get_order
2026-03-17 07:20:18,319 - api - INFO - API Request: GET /basket/get_basket
2026-03-17 07:20:18,335 - api - INFO - API Response: GET /user/info - 200 (0.038s)
2026-03-17 07:20:18,338 - api - INFO - API Response: GET /basket/get_order - 200 (0.040s)
2026-03-17 07:20:18,343 - api - INFO - API Response: GET /basket/get_basket - 200 (0.024s)
2026-03-17 07:20:18,356 - api - INFO - API Request: GET /user/info
2026-03-17 07:20:18,360 - api - INFO - API Request: GET /basket/get_order
2026-03-17 07:20:18,375 - api - INFO - API Request: GET /basket/get_basket
2026-03-17 07:20:18,387 - api - INFO - API Response: GET /user/info - 200 (0.031s)
2026-03-17 07:20:18,389 - api - INFO - API Response: GET /basket/get_order - 200 (0.029s)
2026-03-17 07:20:18,395 - api - INFO - API Response: GET /basket/get_basket - 200 (0.020s)
2026-03-17 07:20:24,515 - watchfiles.main - INFO - 1 change detected
2026-03-17 07:20:28,042 - api - INFO - API Request: GET /user/info
2026-03-17 07:20:28,048 - api - INFO - API Request: GET /basket/get_basket
2026-03-17 07:20:28,048 - api - INFO - API Request: GET /basket/get_order
2026-03-17 07:20:28,061 - api - INFO - API Response: GET /user/info - 200 (0.020s)
2026-03-17 07:20:28,065 - api - INFO - API Response: GET /basket/get_basket - 200 (0.019s)
2026-03-17 07:20:28,066 - api - INFO - API Response: GET /basket/get_order - 200 (0.019s)
2026-03-17 07:20:39,540 - watchfiles.main - INFO - 1 change detected
2026-03-17 07:20:54,564 - watchfiles.main - INFO - 1 change detected
2026-03-17 07:21:09,648 - watchfiles.main - INFO - 1 change detected
2026-03-17 07:21:09,929 - api - INFO - API Request: GET /store/category
2026-03-17 07:21:09,932 - api - INFO - API Request: GET /store/allproduct
2026-03-17 07:21:09,933 - api - INFO - API Request: GET /store/allproduct
2026-03-17 07:21:09,962 - api - INFO - API Response: GET /store/category - 200 (0.033s)
2026-03-17 07:21:09,967 - api - INFO - API Response: GET /store/allproduct - 200 (0.035s)
2026-03-17 07:21:09,968 - api - INFO - API Response: GET /store/allproduct - 200 (0.035s)
2026-03-17 07:21:09,988 - api - INFO - API Request: GET /store/category
2026-03-17 07:21:09,991 - api - INFO - API Request: GET /store/allproduct
2026-03-17 07:21:09,994 - api - INFO - API Request: GET /store/allproduct
2026-03-17 07:21:10,022 - api - INFO - API Response: GET /store/category - 200 (0.034s)
2026-03-17 07:21:10,026 - api - INFO - API Response: GET /store/allproduct - 200 (0.035s)
2026-03-17 07:21:10,026 - api - INFO - API Response: GET /store/allproduct - 200 (0.033s)
2026-03-17 07:21:16,416 - api - INFO - API Request: GET /store/category
2026-03-17 07:21:16,419 - api - INFO - API Request: GET /store/allproduct
2026-03-17 07:21:16,420 - api - INFO - API Request: GET /store/allproduct
2026-03-17 07:21:16,431 - api - INFO - API Response: GET /store/category - 200 (0.015s)
2026-03-17 07:21:16,433 - api - INFO - API Response: GET /store/allproduct - 200 (0.014s)
2026-03-17 07:21:16,434 - api - INFO - API Response: GET /store/allproduct - 200 (0.014s)
2026-03-17 07:21:16,441 - api - INFO - API Request: GET /store/category
2026-03-17 07:21:16,446 - api - INFO - API Request: GET /store/allproduct
2026-03-17 07:21:16,447 - api - INFO - API Request: GET /store/allproduct
2026-03-17 07:21:16,458 - api - INFO - API Response: GET /store/category - 200 (0.017s)
2026-03-17 07:21:16,462 - api - INFO - API Response: GET /store/allproduct - 200 (0.015s)
2026-03-17 07:21:16,462 - api - INFO - API Response: GET /store/allproduct - 200 (0.015s)
2026-03-17 07:21:24,682 - watchfiles.main - INFO - 1 change detected
2026-03-17 07:21:34,007 - watchfiles.main - INFO - 1 change detected
2026-03-17 07:21:41,566 - watchfiles.main - INFO - 1 change detected
2026-03-17 07:21:57,802 - api - INFO - API Request: GET /store/product
2026-03-17 07:21:57,813 - api - INFO - API Response: GET /store/product - 200 (0.010s)
2026-03-17 07:21:57,817 - api - INFO - API Request: GET /store/product
2026-03-17 07:21:57,824 - api - INFO - API Request: GET /review/product_review
2026-03-17 07:21:57,825 - api - INFO - API Response: GET /store/product - 200 (0.008s)
2026-03-17 07:21:57,829 - api - INFO - API Response: GET /review/product_review - 200 (0.006s)
2026-03-17 07:21:57,836 - api - INFO - API Request: GET /review/product_review
2026-03-17 07:21:57,839 - api - INFO - API Response: GET /review/product_review - 200 (0.003s)
2026-03-17 07:22:11,622 - watchfiles.main - INFO - 1 change detected
2026-03-17 07:22:26,608 - watchfiles.main - INFO - 1 change detected
2026-03-17 07:22:36,972 - watchfiles.main - INFO - 1 change detected
2026-03-17 07:22:55,645 - watchfiles.main - INFO - 1 change detected
2026-03-17 07:23:10,989 - watchfiles.main - INFO - 1 change detected
2026-03-17 07:23:16,398 - watchfiles.main - INFO - 1 change detected
2026-03-17 07:23:27,337 - api - INFO - API Request: GET /favicon.ico
2026-03-17 07:23:27,340 - api - INFO - API Response: GET /favicon.ico - 404 (0.002s)
2026-03-17 07:23:33,065 - watchfiles.main - INFO - 1 change detected
2026-03-17 07:23:48,104 - watchfiles.main - INFO - 1 change detected
2026-03-17 07:24:03,101 - watchfiles.main - INFO - 1 change detected
2026-03-17 07:24:18,163 - watchfiles.main - INFO - 1 change detected
2026-03-17 07:24:32,730 - api - INFO - API Request: GET /store/category
2026-03-17 07:24:32,738 - api - INFO - API Request: GET /store/allproduct
2026-03-17 07:24:32,740 - api - INFO - API Request: GET /store/allproduct
2026-03-17 07:24:32,754 - api - INFO - API Response: GET /store/category - 200 (0.024s)
2026-03-17 07:24:32,760 - api - INFO - API Response: GET /store/allproduct - 200 (0.022s)
2026-03-17 07:24:32,761 - api - INFO - API Response: GET /store/allproduct - 200 (0.022s)
2026-03-17 07:24:32,762 - api - INFO - API Request: GET /store/category
2026-03-17 07:24:32,775 - api - INFO - API Response: GET /store/category - 200 (0.013s)
2026-03-17 07:24:32,778 - api - INFO - API Request: GET /store/allproduct
2026-03-17 07:24:32,785 - api - INFO - API Request: GET /store/allproduct
2026-03-17 07:24:32,798 - api - INFO - API Response: GET /store/allproduct - 200 (0.020s)
2026-03-17 07:24:32,803 - api - INFO - API Response: GET /store/allproduct - 200 (0.019s)
2026-03-17 07:24:33,205 - watchfiles.main - INFO - 1 change detected
2026-03-17 07:24:35,373 - api - INFO - API Request: GET /store/pickup
2026-03-17 07:24:35,375 - api - INFO - API Request: GET /basket/get_basket
2026-03-17 07:24:35,378 - api - INFO - API Response: GET /store/pickup - 200 (0.005s)
2026-03-17 07:24:35,381 - api - INFO - API Response: GET /basket/get_basket - 401 (0.006s)
2026-03-17 07:24:35,385 - api - INFO - API Request: GET /store/pickup
2026-03-17 07:24:35,392 - api - INFO - API Response: GET /store/pickup - 200 (0.007s)
2026-03-17 07:24:35,396 - api - INFO - API Request: GET /basket/get_basket
2026-03-17 07:24:35,402 - api - INFO - API Response: GET /basket/get_basket - 401 (0.006s)
2026-03-17 07:24:35,712 - api - INFO - API Request: POST /auth/refresh
2026-03-17 07:24:35,714 - api - INFO - API Response: POST /auth/refresh - 200 (0.003s)
2026-03-17 07:24:35,726 - api - INFO - API Request: GET /basket/get_basket
2026-03-17 07:24:35,733 - api - INFO - API Response: GET /basket/get_basket - 200 (0.007s)
2026-03-17 07:24:35,736 - api - INFO - API Request: GET /basket/get_basket
2026-03-17 07:24:35,745 - api - INFO - API Response: GET /basket/get_basket - 200 (0.010s)
2026-03-17 07:24:42,541 - watchfiles.main - INFO - 1 change detected
2026-03-17 07:24:59,446 - main - INFO - Starting spoXpro Backend v1.0.0
2026-03-17 07:24:59,447 - main - INFO - Need inizializate DB
2026-03-17 07:25:06,242 - api - INFO - API Request: GET /store/category
2026-03-17 07:25:06,261 - api - INFO - API Response: GET /store/category - 200 (0.019s)
2026-03-17 07:25:06,267 - api - INFO - API Request: GET /basket/score_basket
2026-03-17 07:25:06,277 - api - INFO - API Response: GET /basket/score_basket - 200 (0.010s)
2026-03-17 07:25:06,283 - api - INFO - API Request: GET /store/allproduct
2026-03-17 07:25:06,302 - api - INFO - API Response: GET /store/allproduct - 200 (0.019s)
2026-03-17 07:25:06,307 - api - INFO - API Request: GET /store/allproduct
2026-03-17 07:25:06,311 - api - INFO - API Response: GET /store/allproduct - 200 (0.004s)
2026-03-17 07:25:06,316 - api - INFO - API Request: GET /store/category
2026-03-17 07:25:06,319 - api - INFO - API Response: GET /store/category - 200 (0.003s)
2026-03-17 07:25:06,324 - api - INFO - API Request: GET /basket/score_basket
2026-03-17 07:25:06,328 - api - INFO - API Response: GET /basket/score_basket - 200 (0.004s)
2026-03-17 07:25:06,333 - api - INFO - API Request: GET /store/allproduct
2026-03-17 07:25:06,339 - api - INFO - API Response: GET /store/allproduct - 200 (0.006s)
2026-03-17 07:25:06,345 - api - INFO - API Request: GET /store/allproduct
2026-03-17 07:25:06,354 - api - INFO - API Response: GET /store/allproduct - 200 (0.009s)
2026-03-17 07:25:06,360 - api - INFO - API Request: GET /store/category
2026-03-17 07:25:06,366 - api - INFO - API Response: GET /store/category - 200 (0.006s)
2026-03-17 07:25:06,372 - api - INFO - API Request: GET /store/category
2026-03-17 07:25:06,377 - api - INFO - API Response: GET /store/category - 200 (0.005s)
2026-03-17 07:25:08,239 - api - INFO - API Request: GET /store/product
2026-03-17 07:25:08,253 - api - INFO - API Response: GET /store/product - 200 (0.014s)
2026-03-17 07:25:08,260 - api - INFO - API Request: GET /store/product
2026-03-17 07:25:08,267 - api - INFO - API Request: GET /review/product_review
2026-03-17 07:25:08,270 - api - INFO - API Response: GET /store/product - 200 (0.010s)
2026-03-17 07:25:08,273 - api - INFO - API Response: GET /review/product_review - 200 (0.006s)
2026-03-17 07:25:08,280 - api - INFO - API Request: GET /review/product_review
2026-03-17 07:25:08,282 - api - INFO - API Response: GET /review/product_review - 200 (0.002s)
2026-03-17 07:25:47,674 - watchfiles.main - INFO - 4 changes detected
2026-03-17 07:29:50,243 - main - INFO - Application shutdown completed
2026-03-17 07:29:50,916 - watchfiles.main - INFO - 5 changes detected
2026-03-17 07:29:52,801 - watchfiles.main - INFO - 1 change detected
2026-03-17 07:29:53,166 - watchfiles.main - INFO - 1 change detected
2026-03-17 07:29:55,702 - watchfiles.main - INFO - 5 changes detected
2026-03-17 07:29:56,056 - watchfiles.main - INFO - 5 changes detected
2026-03-17 07:29:56,512 - watchfiles.main - INFO - 5 changes detected
2026-03-17 07:29:56,575 - main - INFO - Starting spoXpro Backend v1.0.0
2026-03-17 07:29:56,576 - main - INFO - Need inizializate DB
2026-03-17 07:30:08,001 - watchfiles.main - INFO - 1 change detected
2026-03-17 07:30:23,058 - watchfiles.main - INFO - 1 change detected
2026-03-17 07:30:27,101 - watchfiles.main - INFO - 1 change detected
2026-03-17 07:30:38,117 - watchfiles.main - INFO - 1 change detected
2026-03-17 07:30:57,877 - watchfiles.main - INFO - 1 change detected
2026-03-17 07:31:09,819 - watchfiles.main - INFO - 2 changes detected
2026-03-17 07:31:28,282 - main - INFO - Application shutdown completed
2026-03-17 07:31:29,048 - watchfiles.main - INFO - 3 changes detected
2026-03-17 07:32:52,146 - main - INFO - Starting spoXpro Backend v1.0.0
2026-03-17 07:32:52,147 - main - INFO - Need inizializate DB
2026-03-17 07:32:52,170 - watchfiles.main - INFO - 5 changes detected
2026-03-17 07:33:08,371 - watchfiles.main - INFO - 1 change detected
2026-03-17 07:33:13,513 - watchfiles.main - INFO - 1 change detected
2026-03-17 07:33:17,147 - watchfiles.main - INFO - 1 change detected
2026-03-17 07:33:41,815 - watchfiles.main - INFO - 1 change detected
2026-03-17 07:33:46,593 - api - INFO - API Request: GET /store/category
2026-03-17 07:33:46,598 - api - INFO - API Request: GET /store/allproduct
2026-03-17 07:33:46,621 - api - INFO - API Response: GET /store/category - 200 (0.029s)
2026-03-17 07:33:46,623 - api - INFO - API Response: GET /store/allproduct - 200 (0.025s)
2026-03-17 07:33:46,628 - api - INFO - API Request: GET /store/allproduct
2026-03-17 07:33:46,633 - api - INFO - API Request: GET /store/category
2026-03-17 07:33:46,637 - api - INFO - API Response: GET /store/allproduct - 200 (0.009s)
2026-03-17 07:33:46,640 - api - INFO - API Response: GET /store/category - 200 (0.007s)
2026-03-17 07:33:46,646 - api - INFO - API Request: GET /store/allproduct
2026-03-17 07:33:46,652 - api - INFO - API Request: GET /store/allproduct
2026-03-17 07:33:46,659 - api - INFO - API Response: GET /store/allproduct - 200 (0.014s)
2026-03-17 07:33:46,664 - api - INFO - API Response: GET /store/allproduct - 200 (0.013s)
2026-03-17 07:33:48,992 - api - INFO - API Request: GET /store/product
2026-03-17 07:33:49,006 - api - INFO - API Response: GET /store/product - 200 (0.014s)
2026-03-17 07:33:49,010 - api - INFO - API Request: GET /store/product
2026-03-17 07:33:49,016 - api - INFO - API Request: GET /review/product_review
2026-03-17 07:33:49,017 - api - INFO - API Response: GET /store/product - 200 (0.007s)
2026-03-17 07:33:49,020 - api - INFO - API Response: GET /review/product_review - 200 (0.004s)
2026-03-17 07:33:49,025 - api - INFO - API Request: GET /review/product_review
2026-03-17 07:33:49,027 - api - INFO - API Response: GET /review/product_review - 200 (0.002s)
2026-03-17 07:35:12,483 - watchfiles.main - INFO - 1 change detected
2026-03-17 07:35:16,569 - main - INFO - Application shutdown completed
2026-03-17 07:36:04,620 - main - INFO - Starting spoXpro Backend v1.0.0
2026-03-17 07:36:04,621 - main - INFO - Need inizializate DB
2026-03-17 07:36:07,106 - api - INFO - API Request: GET /store/category
2026-03-17 07:36:07,131 - api - INFO - API Response: GET /store/category - 200 (0.026s)
2026-03-17 07:36:07,141 - api - INFO - API Request: GET /basket/score_basket
2026-03-17 07:36:07,161 - api - INFO - API Response: GET /basket/score_basket - 200 (0.021s)
2026-03-17 07:36:07,170 - api - INFO - API Request: GET /store/product
2026-03-17 07:36:07,199 - api - INFO - API Response: GET /store/product - 200 (0.029s)
2026-03-17 07:36:07,207 - api - INFO - API Request: GET /store/category
2026-03-17 07:36:07,211 - api - INFO - API Response: GET /store/category - 200 (0.005s)
2026-03-17 07:36:07,218 - api - INFO - API Request: GET /basket/score_basket
2026-03-17 07:36:07,226 - api - INFO - API Response: GET /basket/score_basket - 200 (0.008s)
2026-03-17 07:36:07,233 - api - INFO - API Request: GET /store/product
2026-03-17 07:36:07,241 - api - INFO - API Response: GET /store/product - 200 (0.008s)
2026-03-17 07:36:07,295 - api - INFO - API Request: GET /review/product_review
2026-03-17 07:36:07,304 - api - INFO - API Response: GET /review/product_review - 200 (0.009s)
2026-03-17 07:36:07,311 - api - INFO - API Request: GET /review/product_review
2026-03-17 07:36:07,317 - api - INFO - API Response: GET /review/product_review - 200 (0.006s)
2026-03-17 07:36:21,031 - watchfiles.main - INFO - 1 change detected
2026-03-17 07:36:24,755 - api - INFO - API Request: GET /store/category
2026-03-17 07:36:24,760 - api - INFO - API Request: GET /basket/score_basket
2026-03-17 07:36:24,765 - api - INFO - API Response: GET /store/category - 200 (0.010s)
2026-03-17 07:36:24,768 - api - INFO - API Response: GET /basket/score_basket - 200 (0.009s)
2026-03-17 07:36:24,774 - api - INFO - API Request: GET /store/product
2026-03-17 07:36:24,780 - api - INFO - API Request: GET /store/category
2026-03-17 07:36:24,785 - api - INFO - API Response: GET /store/product - 200 (0.011s)
2026-03-17 07:36:24,790 - api - INFO - API Response: GET /store/category - 200 (0.009s)
2026-03-17 07:36:24,795 - api - INFO - API Request: GET /basket/score_basket
2026-03-17 07:36:24,801 - api - INFO - API Request: GET /store/product
2026-03-17 07:36:24,807 - api - INFO - API Response: GET /basket/score_basket - 200 (0.012s)
2026-03-17 07:36:24,811 - api - INFO - API Response: GET /store/product - 200 (0.011s)
2026-03-17 07:36:24,817 - api - INFO - API Request: GET /review/product_review
2026-03-17 07:36:24,824 - api - INFO - API Response: GET /review/product_review - 200 (0.007s)
2026-03-17 07:36:24,827 - api - INFO - API Request: GET /review/product_review
2026-03-17 07:36:24,832 - api - INFO - API Response: GET /review/product_review - 200 (0.005s)
2026-03-17 07:36:41,556 - watchfiles.main - INFO - 1 change detected
2026-03-17 07:36:51,250 - watchfiles.main - INFO - 1 change detected
2026-03-17 07:36:53,461 - api - INFO - API Request: GET /basket/get_basket
2026-03-17 07:36:53,480 - api - INFO - API Response: GET /basket/get_basket - 200 (0.019s)
2026-03-17 07:36:53,489 - api - INFO - API Request: GET /basket/get_basket
2026-03-17 07:36:53,507 - api - INFO - API Response: GET /basket/get_basket - 200 (0.018s)
2026-03-17 07:36:56,376 - api - INFO - API Request: GET /store/product
2026-03-17 07:36:56,383 - api - INFO - API Response: GET /store/product - 200 (0.007s)
2026-03-17 07:36:56,390 - api - INFO - API Request: GET /store/product
2026-03-17 07:36:56,397 - api - INFO - API Response: GET /store/product - 200 (0.007s)
2026-03-17 07:36:56,399 - api - INFO - API Request: GET /review/product_review
2026-03-17 07:36:56,406 - api - INFO - API Response: GET /review/product_review - 200 (0.007s)
2026-03-17 07:36:56,409 - api - INFO - API Request: GET /review/product_review
2026-03-17 07:36:56,415 - api - INFO - API Response: GET /review/product_review - 200 (0.006s)
2026-03-17 07:36:58,281 - api - INFO - API Request: GET /auth/csrf-token
2026-03-17 07:36:58,284 - api - INFO - API Response: GET /auth/csrf-token - 200 (0.003s)
2026-03-17 07:36:58,609 - api - INFO - API Request: POST /basket/add
2026-03-17 07:36:58,622 - api - INFO - API Response: POST /basket/add - 200 (0.013s)
2026-03-17 07:36:58,712 - watchfiles.main - INFO - 1 change detected
2026-03-17 07:36:59,906 - api - INFO - API Request: GET /basket/get_basket
2026-03-17 07:36:59,916 - api - INFO - API Response: GET /basket/get_basket - 200 (0.010s)
2026-03-17 07:36:59,922 - api - INFO - API Request: GET /basket/get_basket
2026-03-17 07:36:59,931 - api - INFO - API Response: GET /basket/get_basket - 200 (0.010s)
2026-03-17 07:37:03,378 - api - INFO - API Request: GET /store/pickup
2026-03-17 07:37:03,386 - api - INFO - API Request: GET /basket/get_basket
2026-03-17 07:37:03,395 - api - INFO - API Response: GET /store/pickup - 200 (0.016s)
2026-03-17 07:37:03,397 - api - INFO - API Response: GET /basket/get_basket - 200 (0.011s)
2026-03-17 07:37:03,401 - api - INFO - API Request: GET /store/pickup
2026-03-17 07:37:03,407 - api - INFO - API Response: GET /store/pickup - 200 (0.006s)
2026-03-17 07:37:03,410 - api - INFO - API Request: GET /basket/get_basket
2026-03-17 07:37:03,418 - api - INFO - API Response: GET /basket/get_basket - 200 (0.009s)
2026-03-17 07:37:06,281 - watchfiles.main - INFO - 1 change detected
2026-03-17 07:37:15,376 - api - INFO - API Request: GET /basket/get_basket
2026-03-17 07:37:15,388 - api - INFO - API Response: GET /basket/get_basket - 200 (0.012s)
2026-03-17 07:37:15,394 - api - INFO - API Request: GET /basket/get_basket
2026-03-17 07:37:15,405 - api - INFO - API Response: GET /basket/get_basket - 200 (0.011s)
2026-03-17 07:37:17,392 - api - INFO - API Request: GET /auth/csrf-token
2026-03-17 07:37:17,394 - api - INFO - API Response: GET /auth/csrf-token - 200 (0.002s)
2026-03-17 07:37:17,406 - api - INFO - API Request: DELETE /basket/delete
2026-03-17 07:37:17,422 - api - INFO - API Response: DELETE /basket/delete - 200 (0.016s)
2026-03-17 07:37:17,491 - watchfiles.main - INFO - 1 change detected
2026-03-17 07:37:17,875 - api - INFO - API Request: GET /auth/csrf-token
2026-03-17 07:37:17,876 - api - INFO - API Response: GET /auth/csrf-token - 200 (0.001s)
2026-03-17 07:37:17,888 - api - INFO - API Request: DELETE /basket/delete
2026-03-17 07:37:17,894 - api - INFO - API Response: DELETE /basket/delete - 200 (0.006s)
2026-03-17 07:37:17,947 - watchfiles.main - INFO - 1 change detected
2026-03-17 07:37:21,320 - watchfiles.main - INFO - 1 change detected
2026-03-17 07:37:21,771 - api - INFO - API Request: GET /auth/csrf-token
2026-03-17 07:37:21,773 - api - INFO - API Response: GET /auth/csrf-token - 200 (0.001s)
2026-03-17 07:37:21,785 - api - INFO - API Request: DELETE /basket/delete
2026-03-17 07:37:21,791 - api - INFO - API Response: DELETE /basket/delete - 200 (0.006s)
2026-03-17 07:37:21,881 - watchfiles.main - INFO - 1 change detected
2026-03-17 07:37:36,351 - watchfiles.main - INFO - 1 change detected
2026-03-17 07:37:51,358 - watchfiles.main - INFO - 1 change detected
2026-03-17 07:38:06,382 - watchfiles.main - INFO - 1 change detected
2026-03-17 07:38:21,394 - watchfiles.main - INFO - 1 change detected
2026-03-17 07:38:36,417 - watchfiles.main - INFO - 1 change detected
2026-03-17 07:38:51,469 - watchfiles.main - INFO - 1 change detected
2026-03-17 07:39:03,914 - api - INFO - API Request: GET /user/check
2026-03-17 07:39:03,920 - api - INFO - API Response: GET /user/check - 200 (0.005s)
2026-03-17 07:39:04,006 - api - INFO - API Request: GET /user/info
2026-03-17 07:39:04,011 - api - INFO - API Response: GET /user/info - 200 (0.005s)
2026-03-17 07:39:04,035 - api - INFO - API Request: GET /basket/get_order
2026-03-17 07:39:04,053 - api - INFO - API Response: GET /basket/get_order - 200 (0.018s)
2026-03-17 07:39:04,060 - api - INFO - API Request: GET /user/info
2026-03-17 07:39:04,067 - api - INFO - API Response: GET /user/info - 200 (0.007s)
2026-03-17 07:39:04,077 - api - INFO - API Request: GET /basket/get_basket
2026-03-17 07:39:04,085 - api - INFO - API Response: GET /basket/get_basket - 200 (0.008s)
2026-03-17 07:39:04,093 - api - INFO - API Request: GET /basket/get_order
2026-03-17 07:39:04,097 - api - INFO - API Response: GET /basket/get_order - 200 (0.005s)
2026-03-17 07:39:04,110 - api - INFO - API Request: GET /basket/get_basket
2026-03-17 07:39:04,118 - api - INFO - API Response: GET /basket/get_basket - 200 (0.008s)
2026-03-17 07:39:06,513 - watchfiles.main - INFO - 1 change detected
2026-03-17 07:39:08,449 - api - INFO - API Request: GET /store/category
2026-03-17 07:39:08,456 - api - INFO - API Request: GET /store/allproduct
2026-03-17 07:39:08,458 - api - INFO - API Request: GET /store/allproduct
2026-03-17 07:39:08,477 - api - INFO - API Response: GET /store/category - 200 (0.028s)
2026-03-17 07:39:08,479 - api - INFO - API Response: GET /store/allproduct - 200 (0.023s)
2026-03-17 07:39:08,480 - api - INFO - API Response: GET /store/allproduct - 200 (0.022s)
2026-03-17 07:39:08,488 - api - INFO - API Request: GET /store/category
2026-03-17 07:39:08,493 - api - INFO - API Request: GET /store/allproduct
2026-03-17 07:39:08,500 - api - INFO - API Response: GET /store/category - 200 (0.012s)
2026-03-17 07:39:08,502 - api - INFO - API Request: GET /store/allproduct
2026-03-17 07:39:08,506 - api - INFO - API Response: GET /store/allproduct - 200 (0.013s)
2026-03-17 07:39:08,523 - api - INFO - API Response: GET /store/allproduct - 200 (0.021s)
2026-03-17 07:39:21,504 - watchfiles.main - INFO - 1 change detected
2026-03-17 07:39:36,546 - watchfiles.main - INFO - 1 change detected
2026-03-17 07:39:51,577 - watchfiles.main - INFO - 1 change detected
2026-03-17 07:40:06,562 - watchfiles.main - INFO - 1 change detected
2026-03-17 07:40:21,607 - watchfiles.main - INFO - 1 change detected
2026-03-17 07:40:36,644 - watchfiles.main - INFO - 1 change detected
2026-03-17 07:40:51,643 - watchfiles.main - INFO - 1 change detected
2026-03-17 07:41:06,688 - watchfiles.main - INFO - 1 change detected
2026-03-17 07:41:21,716 - watchfiles.main - INFO - 1 change detected
2026-03-17 07:41:36,736 - watchfiles.main - INFO - 1 change detected
2026-03-17 07:41:51,721 - watchfiles.main - INFO - 1 change detected
2026-03-17 07:42:06,784 - watchfiles.main - INFO - 1 change detected
2026-03-17 07:42:21,768 - watchfiles.main - INFO - 1 change detected
2026-03-17 07:42:36,788 - watchfiles.main - INFO - 1 change detected
2026-03-17 07:42:51,809 - watchfiles.main - INFO - 1 change detected
2026-03-17 07:43:06,838 - watchfiles.main - INFO - 1 change detected
2026-03-17 07:43:21,915 - watchfiles.main - INFO - 1 change detected
2026-03-17 07:43:36,908 - watchfiles.main - INFO - 1 change detected
2026-03-17 07:43:51,931 - watchfiles.main - INFO - 1 change detected
2026-03-17 07:44:06,951 - watchfiles.main - INFO - 1 change detected
2026-03-17 07:44:21,974 - watchfiles.main - INFO - 1 change detected
2026-03-17 07:44:36,994 - watchfiles.main - INFO - 1 change detected
2026-03-17 07:44:52,029 - watchfiles.main - INFO - 1 change detected
2026-03-17 07:45:07,089 - watchfiles.main - INFO - 1 change detected
2026-03-17 07:45:22,115 - watchfiles.main - INFO - 1 change detected
2026-03-17 07:45:37,123 - watchfiles.main - INFO - 1 change detected
2026-03-17 07:45:52,134 - watchfiles.main - INFO - 1 change detected
2026-03-17 07:46:07,174 - watchfiles.main - INFO - 1 change detected
2026-03-17 07:46:22,203 - watchfiles.main - INFO - 1 change detected
2026-03-17 07:46:37,225 - watchfiles.main - INFO - 1 change detected
2026-03-17 07:46:52,242 - watchfiles.main - INFO - 1 change detected
2026-03-17 07:47:07,289 - watchfiles.main - INFO - 1 change detected
2026-03-17 07:47:22,284 - watchfiles.main - INFO - 1 change detected
2026-03-17 07:47:37,332 - watchfiles.main - INFO - 1 change detected
2026-03-17 07:47:52,359 - watchfiles.main - INFO - 1 change detected
2026-03-17 07:48:07,394 - watchfiles.main - INFO - 1 change detected
2026-03-17 07:48:22,418 - watchfiles.main - INFO - 1 change detected
2026-03-17 07:48:29,181 - main - INFO - Application shutdown completed
2026-03-17 07:50:14,423 - main - INFO - Starting spoXpro Backend v1.0.0
2026-03-17 07:50:14,424 - main - INFO - Need inizializate DB
2026-03-17 07:51:27,984 - api - INFO - API Request: GET /store/category
2026-03-17 07:51:27,987 - api - INFO - API Request: GET /basket/score_basket
2026-03-17 07:51:27,988 - api - INFO - API Response: GET /store/category - 200 (0.004s)
2026-03-17 07:51:27,991 - api - INFO - API Response: GET /basket/score_basket - 200 (0.004s)
2026-03-17 07:51:27,996 - api - INFO - API Request: GET /store/category
2026-03-17 07:51:28,009 - api - INFO - API Request: GET /basket/score_basket
2026-03-17 07:51:28,011 - api - INFO - API Response: GET /store/category - 200 (0.016s)
2026-03-17 07:51:28,015 - api - INFO - API Response: GET /basket/score_basket - 200 (0.006s)
2026-03-17 07:51:28,277 - api - INFO - API Request: GET /store/category
2026-03-17 07:51:28,295 - api - INFO - API Request: GET /basket/score_basket
2026-03-17 07:51:28,307 - api - INFO - API Response: GET /store/category - 200 (0.030s)
2026-03-17 07:51:28,309 - api - INFO - API Response: GET /basket/score_basket - 200 (0.014s)
2026-03-17 07:51:28,313 - api - INFO - API Request: GET /store/category
2026-03-17 07:51:28,319 - api - INFO - API Request: GET /basket/score_basket
2026-03-17 07:51:28,327 - api - INFO - API Response: GET /store/category - 200 (0.014s)
2026-03-17 07:51:28,330 - api - INFO - API Response: GET /basket/score_basket - 200 (0.011s)
2026-03-17 07:51:41,679 - watchfiles.main - INFO - 1 change detected
2026-03-17 07:51:55,484 - watchfiles.main - INFO - 1 change detected
2026-03-17 07:52:10,530 - watchfiles.main - INFO - 1 change detected
2026-03-17 07:52:25,589 - watchfiles.main - INFO - 1 change detected
2026-03-17 07:52:40,678 - watchfiles.main - INFO - 1 change detected
2026-03-17 07:52:55,749 - watchfiles.main - INFO - 1 change detected
2026-03-17 07:53:10,772 - watchfiles.main - INFO - 1 change detected
2026-03-17 07:53:14,102 - api - INFO - API Request: GET /store/category
2026-03-17 07:53:14,103 - api - INFO - API Request: GET /basket/score_basket
2026-03-17 07:53:14,107 - api - INFO - API Response: GET /store/category - 200 (0.005s)
2026-03-17 07:53:14,110 - api - INFO - API Response: GET /basket/score_basket - 200 (0.007s)
2026-03-17 07:53:14,192 - api - INFO - API Request: GET /store/category
2026-03-17 07:53:14,193 - api - INFO - API Request: GET /basket/score_basket
2026-03-17 07:53:14,198 - api - INFO - API Response: GET /store/category - 200 (0.006s)
2026-03-17 07:53:14,200 - api - INFO - API Response: GET /basket/score_basket - 200 (0.007s)
2026-03-17 07:53:14,996 - api - INFO - API Request: GET /store/category
2026-03-17 07:53:15,014 - api - INFO - API Request: GET /basket/score_basket
2026-03-17 07:53:15,028 - api - INFO - API Response: GET /store/category - 200 (0.032s)
2026-03-17 07:53:15,052 - api - INFO - API Response: GET /basket/score_basket - 200 (0.038s)
2026-03-17 07:53:15,867 - api - INFO - API Request: GET /store/category
2026-03-17 07:53:15,868 - api - INFO - API Request: GET /basket/score_basket
2026-03-17 07:53:15,871 - api - INFO - API Response: GET /store/category - 200 (0.004s)
2026-03-17 07:53:15,872 - api - INFO - API Response: GET /basket/score_basket - 200 (0.004s)
2026-03-17 07:53:25,799 - watchfiles.main - INFO - 1 change detected
2026-03-17 07:53:32,801 - api - INFO - API Request: GET /store/category
2026-03-17 07:53:32,807 - api - INFO - API Response: GET /store/category - 200 (0.006s)
2026-03-17 07:53:32,815 - api - INFO - API Request: GET /basket/score_basket
2026-03-17 07:53:32,822 - api - INFO - API Response: GET /basket/score_basket - 200 (0.007s)
2026-03-17 07:53:32,897 - api - INFO - API Request: GET /store/category
2026-03-17 07:53:32,905 - api - INFO - API Response: GET /store/category - 200 (0.008s)
2026-03-17 07:53:32,914 - api - INFO - API Request: GET /basket/score_basket
2026-03-17 07:53:32,920 - api - INFO - API Response: GET /basket/score_basket - 200 (0.006s)
2026-03-17 07:53:40,843 - watchfiles.main - INFO - 1 change detected
2026-03-17 07:53:55,904 - watchfiles.main - INFO - 1 change detected
2026-03-17 07:54:10,166 - api - INFO - API Request: GET /store/category
2026-03-17 07:54:10,173 - api - INFO - API Response: GET /store/category - 200 (0.007s)
2026-03-17 07:54:10,179 - api - INFO - API Request: GET /basket/score_basket
2026-03-17 07:54:10,183 - api - INFO - API Response: GET /basket/score_basket - 200 (0.005s)
2026-03-17 07:54:10,865 - api - INFO - API Request: GET /store/category
2026-03-17 07:54:10,868 - api - INFO - API Response: GET /store/category - 200 (0.003s)
2026-03-17 07:54:10,876 - api - INFO - API Request: GET /basket/score_basket
2026-03-17 07:54:10,880 - api - INFO - API Response: GET /basket/score_basket - 200 (0.004s)
2026-03-17 07:54:10,967 - watchfiles.main - INFO - 1 change detected
2026-03-17 07:54:25,981 - watchfiles.main - INFO - 1 change detected
2026-03-17 07:54:37,390 - api - INFO - API Request: GET /store/category
2026-03-17 07:54:37,412 - api - INFO - API Response: GET /store/category - 200 (0.021s)
2026-03-17 07:54:37,441 - api - INFO - API Request: GET /basket/score_basket
2026-03-17 07:54:37,446 - api - INFO - API Response: GET /basket/score_basket - 200 (0.005s)
2026-03-17 07:54:37,862 - api - INFO - API Request: GET /store/category
2026-03-17 07:54:37,865 - api - INFO - API Response: GET /store/category - 200 (0.003s)
2026-03-17 07:54:37,871 - api - INFO - API Request: GET /basket/score_basket
2026-03-17 07:54:37,873 - api - INFO - API Response: GET /basket/score_basket - 401 (0.003s)
2026-03-17 07:54:38,191 - api - INFO - API Request: POST /auth/refresh
2026-03-17 07:54:38,193 - api - INFO - API Response: POST /auth/refresh - 200 (0.002s)
2026-03-17 07:54:38,201 - api - INFO - API Request: GET /basket/score_basket
2026-03-17 07:54:38,204 - api - INFO - API Response: GET /basket/score_basket - 200 (0.004s)
2026-03-17 07:54:40,992 - watchfiles.main - INFO - 1 change detected
2026-03-17 07:54:47,464 - api - INFO - API Request: GET /user/check
2026-03-17 07:54:47,467 - api - INFO - API Response: GET /user/check - 401 (0.003s)
2026-03-17 07:54:49,299 - api - INFO - API Request: GET /user/check
2026-03-17 07:54:49,301 - api - INFO - API Response: GET /user/check - 401 (0.002s)
2026-03-17 07:54:49,928 - api - INFO - API Request: GET /user/check
2026-03-17 07:54:49,929 - api - INFO - API Response: GET /user/check - 401 (0.002s)
2026-03-17 07:54:50,109 - api - INFO - API Request: GET /user/check
2026-03-17 07:54:50,112 - api - INFO - API Response: GET /user/check - 401 (0.004s)
2026-03-17 07:54:50,257 - api - INFO - API Request: GET /user/check
2026-03-17 07:54:50,259 - api - INFO - API Response: GET /user/check - 401 (0.002s)
2026-03-17 07:54:51,053 - api - INFO - API Request: GET /store/category
2026-03-17 07:54:51,057 - api - INFO - API Response: GET /store/category - 200 (0.004s)
2026-03-17 07:54:51,061 - api - INFO - API Request: GET /store/allproduct
2026-03-17 07:54:51,086 - api - INFO - API Response: GET /store/allproduct - 200 (0.025s)
2026-03-17 07:54:51,091 - api - INFO - API Request: GET /store/allproduct
2026-03-17 07:54:51,101 - api - INFO - API Response: GET /store/allproduct - 200 (0.009s)
2026-03-17 07:54:51,106 - api - INFO - API Request: GET /store/category
2026-03-17 07:54:51,108 - api - INFO - API Response: GET /store/category - 200 (0.002s)
2026-03-17 07:54:51,111 - api - INFO - API Request: GET /store/allproduct
2026-03-17 07:54:51,119 - api - INFO - API Response: GET /store/allproduct - 200 (0.008s)
2026-03-17 07:54:51,125 - api - INFO - API Request: GET /store/allproduct
2026-03-17 07:54:51,134 - api - INFO - API Response: GET /store/allproduct - 200 (0.009s)
2026-03-17 07:54:52,127 - api - INFO - API Request: GET /user/check
2026-03-17 07:54:52,129 - api - INFO - API Response: GET /user/check - 401 (0.002s)
2026-03-17 07:54:53,152 - api - INFO - API Request: GET /store/category
2026-03-17 07:54:53,156 - api - INFO - API Request: GET /store/allproduct
2026-03-17 07:54:53,157 - api - INFO - API Request: GET /store/allproduct
2026-03-17 07:54:53,164 - api - INFO - API Response: GET /store/category - 200 (0.014s)
2026-03-17 07:54:53,168 - api - INFO - API Response: GET /store/allproduct - 200 (0.012s)
2026-03-17 07:54:53,169 - api - INFO - API Response: GET /store/allproduct - 200 (0.012s)
2026-03-17 07:54:53,172 - api - INFO - API Request: GET /store/category
2026-03-17 07:54:53,175 - api - INFO - API Request: GET /store/allproduct
2026-03-17 07:54:53,179 - api - INFO - API Response: GET /store/category - 200 (0.008s)
2026-03-17 07:54:53,183 - api - INFO - API Request: GET /store/allproduct
2026-03-17 07:54:53,184 - api - INFO - API Response: GET /store/allproduct - 200 (0.010s)
2026-03-17 07:54:53,193 - api - INFO - API Response: GET /store/allproduct - 200 (0.010s)
2026-03-17 07:54:54,672 - api - INFO - API Request: GET /store/product
2026-03-17 07:54:54,682 - api - INFO - API Response: GET /store/product - 200 (0.010s)
2026-03-17 07:54:54,683 - api - INFO - API Request: GET /store/product
2026-03-17 07:54:54,687 - api - INFO - API Request: GET /review/product_review
2026-03-17 07:54:54,691 - api - INFO - API Response: GET /store/product - 200 (0.009s)
2026-03-17 07:54:54,693 - api - INFO - API Response: GET /review/product_review - 200 (0.006s)
2026-03-17 07:54:54,701 - api - INFO - API Request: GET /review/product_review
2026-03-17 07:54:54,705 - api - INFO - API Response: GET /review/product_review - 200 (0.004s)
2026-03-17 07:54:56,041 - watchfiles.main - INFO - 1 change detected
2026-03-17 07:54:58,411 - api - INFO - API Request: GET /auth/csrf-token
2026-03-17 07:54:58,413 - api - INFO - API Response: GET /auth/csrf-token - 200 (0.002s)
2026-03-17 07:54:58,742 - api - INFO - API Request: POST /basket/add
2026-03-17 07:54:58,762 - api - INFO - API Response: POST /basket/add - 200 (0.020s)
2026-03-17 07:54:58,838 - watchfiles.main - INFO - 1 change detected
2026-03-17 07:55:00,124 - api - INFO - API Request: GET /basket/get_basket
2026-03-17 07:55:00,138 - api - INFO - API Response: GET /basket/get_basket - 200 (0.014s)
2026-03-17 07:55:00,140 - api - INFO - API Request: GET /basket/get_basket
2026-03-17 07:55:00,145 - api - INFO - API Response: GET /basket/get_basket - 200 (0.005s)
2026-03-17 07:55:01,553 - api - INFO - API Request: GET /auth/csrf-token
2026-03-17 07:55:01,554 - api - INFO - API Response: GET /auth/csrf-token - 200 (0.001s)
2026-03-17 07:55:01,572 - api - INFO - API Request: DELETE /basket/delete
2026-03-17 07:55:01,585 - api - INFO - API Response: DELETE /basket/delete - 200 (0.013s)
2026-03-17 07:55:01,664 - watchfiles.main - INFO - 1 change detected
2026-03-17 07:55:02,371 - api - INFO - API Request: GET /store/category
2026-03-17 07:55:02,374 - api - INFO - API Request: GET /store/allproduct
2026-03-17 07:55:02,382 - api - INFO - API Response: GET /store/category - 200 (0.011s)
2026-03-17 07:55:02,384 - api - INFO - API Response: GET /store/allproduct - 200 (0.010s)
2026-03-17 07:55:02,388 - api - INFO - API Request: GET /store/allproduct
2026-03-17 07:55:02,392 - api - INFO - API Request: GET /store/category
2026-03-17 07:55:02,398 - api - INFO - API Response: GET /store/allproduct - 200 (0.010s)
2026-03-17 07:55:02,402 - api - INFO - API Response: GET /store/category - 200 (0.010s)
2026-03-17 07:55:02,410 - api - INFO - API Request: GET /store/allproduct
2026-03-17 07:55:02,422 - api - INFO - API Request: GET /store/allproduct
2026-03-17 07:55:02,428 - api - INFO - API Response: GET /store/allproduct - 200 (0.018s)
2026-03-17 07:55:02,432 - api - INFO - API Response: GET /store/allproduct - 200 (0.011s)
2026-03-17 07:55:03,222 - api - INFO - API Request: GET /store/product
2026-03-17 07:55:03,227 - api - INFO - API Response: GET /store/product - 200 (0.006s)
2026-03-17 07:55:03,233 - api - INFO - API Request: GET /store/product
2026-03-17 07:55:03,238 - api - INFO - API Response: GET /store/product - 200 (0.005s)
2026-03-17 07:55:03,239 - api - INFO - API Request: GET /review/product_review
2026-03-17 07:55:03,243 - api - INFO - API Response: GET /review/product_review - 200 (0.004s)
2026-03-17 07:55:03,245 - api - INFO - API Request: GET /review/product_review
2026-03-17 07:55:03,250 - api - INFO - API Response: GET /review/product_review - 200 (0.005s)
2026-03-17 07:55:05,077 - api - INFO - API Request: GET /auth/csrf-token
2026-03-17 07:55:05,078 - api - INFO - API Response: GET /auth/csrf-token - 200 (0.001s)
2026-03-17 07:55:05,086 - api - INFO - API Request: POST /basket/add
2026-03-17 07:55:05,093 - api - INFO - API Response: POST /basket/add - 200 (0.007s)
2026-03-17 07:55:05,185 - watchfiles.main - INFO - 1 change detected
2026-03-17 07:55:06,237 - api - INFO - API Request: GET /basket/get_basket
2026-03-17 07:55:06,244 - api - INFO - API Response: GET /basket/get_basket - 200 (0.007s)
2026-03-17 07:55:06,249 - api - INFO - API Request: GET /basket/get_basket
2026-03-17 07:55:06,255 - api - INFO - API Response: GET /basket/get_basket - 200 (0.007s)
2026-03-17 07:55:06,954 - api - INFO - API Request: GET /store/pickup
2026-03-17 07:55:06,957 - api - INFO - API Request: GET /basket/get_basket
2026-03-17 07:55:06,968 - api - INFO - API Response: GET /store/pickup - 200 (0.015s)
2026-03-17 07:55:06,970 - api - INFO - API Response: GET /basket/get_basket - 200 (0.013s)
2026-03-17 07:55:06,973 - api - INFO - API Request: GET /store/pickup
2026-03-17 07:55:06,977 - api - INFO - API Response: GET /store/pickup - 200 (0.004s)
2026-03-17 07:55:06,980 - api - INFO - API Request: GET /basket/get_basket
2026-03-17 07:55:06,988 - api - INFO - API Response: GET /basket/get_basket - 200 (0.008s)
2026-03-17 07:55:11,083 - watchfiles.main - INFO - 1 change detected
2026-03-17 07:55:26,149 - watchfiles.main - INFO - 1 change detected
2026-03-17 07:55:41,181 - watchfiles.main - INFO - 1 change detected
2026-03-17 07:55:51,864 - api - INFO - API Request: GET /auth/csrf-token
2026-03-17 07:55:51,866 - api - INFO - API Response: GET /auth/csrf-token - 200 (0.002s)
2026-03-17 07:55:51,876 - api - INFO - API Request: POST /basket/order
2026-03-17 07:55:51,896 - api - INFO - API Response: POST /basket/order - 200 (0.020s)
2026-03-17 07:55:51,918 - api - INFO - API Request: GET /user/info
2026-03-17 07:55:51,921 - routes.user - ERROR - 'data'
2026-03-17 07:55:51,923 - api - INFO - API Request: GET /basket/get_basket
2026-03-17 07:55:51,926 - api - INFO - API Request: GET /basket/get_order
2026-03-17 07:55:51,940 - api - INFO - API Response: GET /user/info - 500 (0.022s)
2026-03-17 07:55:51,943 - api - INFO - API Response: GET /basket/get_basket - 200 (0.020s)
2026-03-17 07:55:51,943 - api - INFO - API Response: GET /basket/get_order - 200 (0.017s)
2026-03-17 07:55:51,949 - api - INFO - API Request: GET /user/info
2026-03-17 07:55:51,951 - routes.user - ERROR - 'data'
2026-03-17 07:55:51,953 - api - INFO - API Request: GET /basket/get_basket
2026-03-17 07:55:51,954 - api - INFO - API Request: GET /basket/get_order
2026-03-17 07:55:51,962 - api - INFO - API Response: GET /user/info - 500 (0.013s)
2026-03-17 07:55:51,965 - api - INFO - API Response: GET /basket/get_basket - 200 (0.012s)
2026-03-17 07:55:51,968 - api - INFO - API Response: GET /basket/get_order - 200 (0.015s)
2026-03-17 07:55:52,113 - watchfiles.main - INFO - 1 change detected
2026-03-17 07:55:56,223 - watchfiles.main - INFO - 1 change detected
2026-03-17 07:56:09,860 - api - INFO - API Request: GET /user/check
2026-03-17 07:56:09,865 - api - INFO - API Request: GET /basket/get_basket
2026-03-17 07:56:09,866 - api - INFO - API Request: GET /store/pickup
2026-03-17 07:56:09,879 - api - INFO - API Response: GET /user/check - 401 (0.019s)
2026-03-17 07:56:09,882 - api - INFO - API Response: GET /basket/get_basket - 200 (0.017s)
2026-03-17 07:56:09,883 - api - INFO - API Response: GET /store/pickup - 200 (0.017s)
2026-03-17 07:56:09,894 - api - INFO - API Request: GET /user/check
2026-03-17 07:56:09,897 - api - INFO - API Request: GET /basket/get_basket
2026-03-17 07:56:09,898 - api - INFO - API Request: GET /store/pickup
2026-03-17 07:56:09,911 - api - INFO - API Response: GET /user/check - 401 (0.017s)
2026-03-17 07:56:09,913 - api - INFO - API Response: GET /basket/get_basket - 200 (0.016s)
2026-03-17 07:56:09,915 - api - INFO - API Response: GET /store/pickup - 200 (0.017s)
2026-03-17 07:56:11,264 - watchfiles.main - INFO - 1 change detected
2026-03-17 07:56:13,086 - api - INFO - API Request: GET /basket/get_basket
2026-03-17 07:56:13,098 - api - INFO - API Response: GET /basket/get_basket - 200 (0.012s)
2026-03-17 07:56:13,101 - api - INFO - API Request: GET /basket/get_basket
2026-03-17 07:56:13,115 - api - INFO - API Response: GET /basket/get_basket - 200 (0.014s)
2026-03-17 07:56:14,866 - api - INFO - API Request: GET /user/check
2026-03-17 07:56:14,869 - api - INFO - API Request: GET /store/pickup
2026-03-17 07:56:14,870 - api - INFO - API Request: GET /basket/get_basket
2026-03-17 07:56:14,880 - api - INFO - API Response: GET /user/check - 401 (0.013s)
2026-03-17 07:56:14,882 - api - INFO - API Response: GET /store/pickup - 200 (0.012s)
2026-03-17 07:56:14,884 - api - INFO - API Response: GET /basket/get_basket - 200 (0.013s)
2026-03-17 07:56:14,887 - api - INFO - API Request: GET /user/check
2026-03-17 07:56:14,892 - api - INFO - API Response: GET /user/check - 401 (0.005s)
2026-03-17 07:56:14,894 - api - INFO - API Request: GET /store/pickup
2026-03-17 07:56:14,901 - api - INFO - API Request: GET /basket/get_basket
2026-03-17 07:56:14,912 - api - INFO - API Response: GET /store/pickup - 200 (0.019s)
2026-03-17 07:56:14,915 - api - INFO - API Response: GET /basket/get_basket - 200 (0.016s)
2026-03-17 07:56:24,337 - api - INFO - API Request: GET /auth/csrf-token
2026-03-17 07:56:24,339 - api - INFO - API Response: GET /auth/csrf-token - 200 (0.003s)
2026-03-17 07:56:24,650 - api - INFO - API Request: POST /auth/authorization
2026-03-17 07:56:24,948 - api - INFO - API Response: POST /auth/authorization - 200 (0.299s)
2026-03-17 07:56:24,971 - api - INFO - API Request: GET /store/category
2026-03-17 07:56:24,975 - api - INFO - API Request: GET /store/allproduct
2026-03-17 07:56:24,981 - api - INFO - API Response: GET /store/category - 200 (0.010s)
2026-03-17 07:56:24,983 - api - INFO - API Response: GET /store/allproduct - 200 (0.008s)
2026-03-17 07:56:24,986 - api - INFO - API Request: GET /store/allproduct
2026-03-17 07:56:24,991 - api - INFO - API Request: GET /store/category
2026-03-17 07:56:24,994 - api - INFO - API Response: GET /store/allproduct - 200 (0.008s)
2026-03-17 07:56:24,996 - api - INFO - API Response: GET /store/category - 200 (0.004s)
2026-03-17 07:56:25,000 - api - INFO - API Request: GET /store/allproduct
2026-03-17 07:56:25,006 - api - INFO - API Request: GET /store/allproduct
2026-03-17 07:56:25,011 - api - INFO - API Response: GET /store/allproduct - 200 (0.010s)
2026-03-17 07:56:25,014 - api - INFO - API Response: GET /store/allproduct - 200 (0.007s)
2026-03-17 07:56:26,307 - api - INFO - API Request: GET /basket/get_basket
2026-03-17 07:56:26,313 - api - INFO - API Response: GET /basket/get_basket - 200 (0.007s)
2026-03-17 07:56:26,316 - api - INFO - API Request: GET /basket/get_basket
2026-03-17 07:56:26,323 - api - INFO - API Response: GET /basket/get_basket - 200 (0.007s)
2026-03-17 07:56:26,340 - watchfiles.main - INFO - 1 change detected
2026-03-17 07:56:27,636 - api - INFO - API Request: GET /store/category
2026-03-17 07:56:27,642 - api - INFO - API Request: GET /store/allproduct
2026-03-17 07:56:27,644 - api - INFO - API Request: GET /store/allproduct
2026-03-17 07:56:27,708 - api - INFO - API Response: GET /store/category - 200 (0.072s)
2026-03-17 07:56:27,709 - api - INFO - API Response: GET /store/allproduct - 200 (0.067s)
2026-03-17 07:56:27,710 - api - INFO - API Response: GET /store/allproduct - 200 (0.066s)
2026-03-17 07:56:27,713 - api - INFO - API Request: GET /store/category
2026-03-17 07:56:27,719 - api - INFO - API Response: GET /store/category - 200 (0.006s)
2026-03-17 07:56:27,722 - api - INFO - API Request: GET /store/allproduct
2026-03-17 07:56:27,729 - api - INFO - API Request: GET /store/allproduct
2026-03-17 07:56:27,738 - api - INFO - API Response: GET /store/allproduct - 200 (0.015s)
2026-03-17 07:56:27,740 - api - INFO - API Response: GET /store/allproduct - 200 (0.011s)
2026-03-17 07:56:29,209 - api - INFO - API Request: GET /basket/get_basket
2026-03-17 07:56:29,215 - api - INFO - API Response: GET /basket/get_basket - 200 (0.006s)
2026-03-17 07:56:29,219 - api - INFO - API Request: GET /basket/get_basket
2026-03-17 07:56:29,226 - api - INFO - API Response: GET /basket/get_basket - 200 (0.007s)
2026-03-17 07:56:29,860 - api - INFO - API Request: GET /user/check
2026-03-17 07:56:29,866 - api - INFO - API Response: GET /user/check - 200 (0.006s)
2026-03-17 07:56:29,885 - api - INFO - API Request: GET /user/info
2026-03-17 07:56:29,886 - api - INFO - API Request: GET /basket/get_order
2026-03-17 07:56:29,891 - api - INFO - API Request: GET /basket/get_basket
2026-03-17 07:56:29,898 - api - INFO - API Response: GET /user/info - 200 (0.014s)
2026-03-17 07:56:29,900 - api - INFO - API Response: GET /basket/get_order - 200 (0.014s)
2026-03-17 07:56:29,902 - api - INFO - API Response: GET /basket/get_basket - 200 (0.011s)
2026-03-17 07:56:29,906 - api - INFO - API Request: GET /user/info
2026-03-17 07:56:29,913 - api - INFO - API Response: GET /user/info - 200 (0.007s)
2026-03-17 07:56:29,916 - api - INFO - API Request: GET /basket/get_order
2026-03-17 07:56:29,917 - api - INFO - API Request: GET /basket/get_basket
2026-03-17 07:56:29,928 - api - INFO - API Response: GET /basket/get_order - 200 (0.012s)
2026-03-17 07:56:29,929 - api - INFO - API Response: GET /basket/get_basket - 200 (0.011s)
2026-03-17 07:56:30,848 - api - INFO - API Request: GET /user/check
2026-03-17 07:56:30,852 - api - INFO - API Request: GET /store/pickup
2026-03-17 07:56:30,861 - api - INFO - API Request: GET /basket/get_basket
2026-03-17 07:56:30,866 - api - INFO - API Response: GET /user/check - 200 (0.018s)
2026-03-17 07:56:30,869 - api - INFO - API Response: GET /store/pickup - 200 (0.016s)
2026-03-17 07:56:30,872 - api - INFO - API Response: GET /basket/get_basket - 200 (0.011s)
2026-03-17 07:56:30,873 - api - INFO - API Request: GET /user/check
2026-03-17 07:56:30,881 - api - INFO - API Response: GET /user/check - 200 (0.008s)
2026-03-17 07:56:30,883 - api - INFO - API Request: GET /store/pickup
2026-03-17 07:56:30,886 - api - INFO - API Request: GET /basket/get_basket
2026-03-17 07:56:30,893 - api - INFO - API Response: GET /store/pickup - 200 (0.010s)
2026-03-17 07:56:30,895 - api - INFO - API Response: GET /basket/get_basket - 200 (0.009s)
2026-03-17 07:56:36,475 - api - INFO - API Request: GET /store/category
2026-03-17 07:56:36,476 - api - INFO - API Request: GET /store/allproduct
2026-03-17 07:56:36,483 - api - INFO - API Response: GET /store/category - 200 (0.008s)
2026-03-17 07:56:36,484 - api - INFO - API Response: GET /store/allproduct - 200 (0.008s)
2026-03-17 07:56:36,488 - api - INFO - API Request: GET /store/allproduct
2026-03-17 07:56:36,493 - api - INFO - API Request: GET /store/category
2026-03-17 07:56:36,497 - api - INFO - API Response: GET /store/allproduct - 200 (0.008s)
2026-03-17 07:56:36,498 - api - INFO - API Response: GET /store/category - 200 (0.005s)
2026-03-17 07:56:36,502 - api - INFO - API Request: GET /store/allproduct
2026-03-17 07:56:36,506 - api - INFO - API Request: GET /store/allproduct
2026-03-17 07:56:36,512 - api - INFO - API Response: GET /store/allproduct - 200 (0.010s)
2026-03-17 07:56:36,514 - api - INFO - API Response: GET /store/allproduct - 200 (0.007s)
2026-03-17 07:56:41,367 - watchfiles.main - INFO - 1 change detected
2026-03-17 07:56:51,565 - api - INFO - API Request: GET /store/category
2026-03-17 07:56:51,570 - api - INFO - API Request: GET /store/allproduct
2026-03-17 07:56:51,572 - api - INFO - API Request: GET /store/allproduct
2026-03-17 07:56:51,582 - api - INFO - API Response: GET /store/category - 200 (0.017s)
2026-03-17 07:56:51,585 - api - INFO - API Response: GET /store/allproduct - 200 (0.015s)
2026-03-17 07:56:51,587 - api - INFO - API Response: GET /store/allproduct - 200 (0.015s)
2026-03-17 07:56:51,589 - api - INFO - API Request: GET /store/category
2026-03-17 07:56:51,596 - api - INFO - API Response: GET /store/category - 200 (0.007s)
2026-03-17 07:56:51,600 - api - INFO - API Request: GET /store/allproduct
2026-03-17 07:56:51,608 - api - INFO - API Request: GET /store/allproduct
2026-03-17 07:56:51,618 - api - INFO - API Response: GET /store/allproduct - 200 (0.018s)
2026-03-17 07:56:51,622 - api - INFO - API Response: GET /store/allproduct - 200 (0.015s)
2026-03-17 07:56:56,400 - watchfiles.main - INFO - 1 change detected
2026-03-17 07:57:09,219 - api - INFO - API Request: GET /user/check
2026-03-17 07:57:09,224 - api - INFO - API Response: GET /user/check - 200 (0.005s)
2026-03-17 07:57:09,244 - api - INFO - API Request: GET /user/info
2026-03-17 07:57:09,254 - api - INFO - API Response: GET /user/info - 200 (0.010s)
2026-03-17 07:57:09,263 - api - INFO - API Request: GET /basket/get_order
2026-03-17 07:57:09,270 - api - INFO - API Response: GET /basket/get_order - 200 (0.007s)
2026-03-17 07:57:09,274 - api - INFO - API Request: GET /basket/get_basket
2026-03-17 07:57:09,279 - api - INFO - API Response: GET /basket/get_basket - 200 (0.005s)
2026-03-17 07:57:09,285 - api - INFO - API Request: GET /user/info
2026-03-17 07:57:09,290 - api - INFO - API Response: GET /user/info - 200 (0.005s)
2026-03-17 07:57:09,293 - api - INFO - API Request: GET /basket/get_order
2026-03-17 07:57:09,297 - api - INFO - API Response: GET /basket/get_order - 200 (0.005s)
2026-03-17 07:57:09,303 - api - INFO - API Request: GET /basket/get_basket
2026-03-17 07:57:09,307 - api - INFO - API Response: GET /basket/get_basket - 200 (0.004s)
2026-03-17 07:57:11,458 - watchfiles.main - INFO - 1 change detected
2026-03-17 07:57:22,155 - api - INFO - API Request: GET /user/check
2026-03-17 07:57:22,160 - api - INFO - API Response: GET /user/check - 200 (0.006s)
2026-03-17 07:57:22,184 - api - INFO - API Request: GET /user/info
2026-03-17 07:57:22,191 - api - INFO - API Request: GET /basket/get_order
2026-03-17 07:57:22,192 - api - INFO - API Request: GET /basket/get_basket
2026-03-17 07:57:22,203 - api - INFO - API Response: GET /user/info - 200 (0.019s)
2026-03-17 07:57:22,206 - api - INFO - API Response: GET /basket/get_order - 200 (0.015s)
2026-03-17 07:57:22,208 - api - INFO - API Response: GET /basket/get_basket - 200 (0.016s)
2026-03-17 07:57:22,211 - api - INFO - API Request: GET /user/info
2026-03-17 07:57:22,219 - api - INFO - API Response: GET /user/info - 200 (0.008s)
2026-03-17 07:57:22,220 - api - INFO - API Request: GET /basket/get_order
2026-03-17 07:57:22,223 - api - INFO - API Request: GET /basket/get_basket
2026-03-17 07:57:22,229 - api - INFO - API Response: GET /basket/get_order - 200 (0.009s)
2026-03-17 07:57:22,231 - api - INFO - API Response: GET /basket/get_basket - 200 (0.008s)
2026-03-17 07:57:24,422 - api - INFO - API Request: GET /store/category
2026-03-17 07:57:24,427 - api - INFO - API Request: GET /store/allproduct
2026-03-17 07:57:24,439 - api - INFO - API Request: GET /store/allproduct
2026-03-17 07:57:24,445 - api - INFO - API Response: GET /store/category - 200 (0.023s)
2026-03-17 07:57:24,447 - api - INFO - API Response: GET /store/allproduct - 200 (0.022s)
2026-03-17 07:57:24,450 - api - INFO - API Response: GET /store/allproduct - 200 (0.012s)
2026-03-17 07:57:24,453 - api - INFO - API Request: GET /store/category
2026-03-17 07:57:24,461 - api - INFO - API Response: GET /store/category - 200 (0.008s)
2026-03-17 07:57:24,466 - api - INFO - API Request: GET /store/allproduct
2026-03-17 07:57:24,474 - api - INFO - API Request: GET /store/allproduct
2026-03-17 07:57:24,482 - api - INFO - API Response: GET /store/allproduct - 200 (0.016s)
2026-03-17 07:57:24,485 - api - INFO - API Response: GET /store/allproduct - 200 (0.011s)
2026-03-17 07:57:26,512 - watchfiles.main - INFO - 1 change detected
2026-03-17 07:57:27,597 - api - INFO - API Request: GET /basket/get_basket
2026-03-17 07:57:27,606 - api - INFO - API Response: GET /basket/get_basket - 200 (0.010s)
2026-03-17 07:57:27,609 - api - INFO - API Request: GET /basket/get_basket
2026-03-17 07:57:27,615 - api - INFO - API Response: GET /basket/get_basket - 200 (0.006s)
2026-03-17 07:57:28,925 - api - INFO - API Request: GET /store/category
2026-03-17 07:57:28,931 - api - INFO - API Request: GET /store/allproduct
2026-03-17 07:57:28,932 - api - INFO - API Request: GET /store/allproduct
2026-03-17 07:57:28,940 - api - INFO - API Response: GET /store/category - 200 (0.015s)
2026-03-17 07:57:28,941 - api - INFO - API Response: GET /store/allproduct - 200 (0.011s)
2026-03-17 07:57:28,942 - api - INFO - API Response: GET /store/allproduct - 200 (0.011s)
2026-03-17 07:57:28,945 - api - INFO - API Request: GET /store/category
2026-03-17 07:57:28,952 - api - INFO - API Request: GET /store/allproduct
2026-03-17 07:57:28,959 - api - INFO - API Response: GET /store/category - 200 (0.014s)
2026-03-17 07:57:28,960 - api - INFO - API Response: GET /store/allproduct - 200 (0.008s)
2026-03-17 07:57:28,962 - api - INFO - API Request: GET /store/allproduct
2026-03-17 07:57:28,976 - api - INFO - API Response: GET /store/allproduct - 200 (0.014s)
2026-03-17 07:57:29,561 - api - INFO - API Request: GET /store/product
2026-03-17 07:57:29,567 - api - INFO - API Response: GET /store/product - 200 (0.006s)
2026-03-17 07:57:29,570 - api - INFO - API Request: GET /store/product
2026-03-17 07:57:29,576 - api - INFO - API Response: GET /store/product - 200 (0.006s)
2026-03-17 07:57:29,577 - api - INFO - API Request: GET /review/product_review
2026-03-17 07:57:29,584 - api - INFO - API Response: GET /review/product_review - 200 (0.006s)
2026-03-17 07:57:29,586 - api - INFO - API Request: GET /review/product_review
2026-03-17 07:57:29,591 - api - INFO - API Response: GET /review/product_review - 200 (0.005s)
2026-03-17 07:57:31,393 - api - INFO - API Request: GET /auth/csrf-token
2026-03-17 07:57:31,395 - api - INFO - API Response: GET /auth/csrf-token - 200 (0.002s)
2026-03-17 07:57:31,403 - api - INFO - API Request: POST /basket/add
2026-03-17 07:57:31,411 - api - INFO - API Response: POST /basket/add - 200 (0.008s)
2026-03-17 07:57:31,461 - watchfiles.main - INFO - 1 change detected
2026-03-17 07:57:33,018 - api - INFO - API Request: GET /basket/get_basket
2026-03-17 07:57:33,028 - api - INFO - API Response: GET /basket/get_basket - 200 (0.010s)
2026-03-17 07:57:33,031 - api - INFO - API Request: GET /basket/get_basket
2026-03-17 07:57:33,039 - api - INFO - API Response: GET /basket/get_basket - 200 (0.008s)
2026-03-17 07:57:41,573 - watchfiles.main - INFO - 1 change detected
2026-03-17 07:57:52,135 - api - INFO - API Request: GET /store/category
2026-03-17 07:57:52,136 - api - INFO - API Request: GET /store/allproduct
2026-03-17 07:57:52,139 - api - INFO - API Request: GET /store/allproduct
2026-03-17 07:57:52,149 - api - INFO - API Response: GET /store/category - 200 (0.014s)
2026-03-17 07:57:52,151 - api - INFO - API Response: GET /store/allproduct - 200 (0.015s)
2026-03-17 07:57:52,153 - api - INFO - API Response: GET /store/allproduct - 200 (0.014s)
2026-03-17 07:57:52,159 - api - INFO - API Request: GET /store/category
2026-03-17 07:57:52,162 - api - INFO - API Request: GET /store/allproduct
2026-03-17 07:57:52,165 - api - INFO - API Request: GET /store/allproduct
2026-03-17 07:57:52,175 - api - INFO - API Response: GET /store/category - 200 (0.016s)
2026-03-17 07:57:52,177 - api - INFO - API Response: GET /store/allproduct - 200 (0.015s)
2026-03-17 07:57:52,181 - api - INFO - API Response: GET /store/allproduct - 200 (0.017s)
2026-03-17 07:57:52,922 - api - INFO - API Request: GET /store/product
2026-03-17 07:57:52,926 - api - INFO - API Response: GET /store/product - 200 (0.004s)
2026-03-17 07:57:52,929 - api - INFO - API Request: GET /store/product
2026-03-17 07:57:52,934 - api - INFO - API Response: GET /store/product - 200 (0.005s)
2026-03-17 07:57:52,935 - api - INFO - API Request: GET /review/product_review
2026-03-17 07:57:52,939 - api - INFO - API Response: GET /review/product_review - 200 (0.004s)
2026-03-17 07:57:52,941 - api - INFO - API Request: GET /review/product_review
2026-03-17 07:57:52,948 - api - INFO - API Response: GET /review/product_review - 200 (0.007s)
2026-03-17 07:57:56,588 - watchfiles.main - INFO - 1 change detected
2026-03-17 07:58:03,100 - watchfiles.main - INFO - 1 change detected
2026-03-17 07:58:21,652 - watchfiles.main - INFO - 1 change detected
2026-03-17 07:58:25,284 - watchfiles.main - INFO - 1 change detected
2026-03-17 07:58:51,671 - watchfiles.main - INFO - 1 change detected
2026-03-17 07:59:06,731 - watchfiles.main - INFO - 1 change detected
2026-03-17 07:59:21,773 - watchfiles.main - INFO - 1 change detected
2026-03-17 07:59:36,784 - watchfiles.main - INFO - 1 change detected
2026-03-17 07:59:51,820 - watchfiles.main - INFO - 1 change detected
2026-03-17 07:59:57,557 - watchfiles.main - INFO - 1 change detected
2026-03-17 08:00:06,009 - main - INFO - Application shutdown completed
2026-03-17 08:00:06,701 - watchfiles.main - INFO - 1 change detected
2026-03-17 08:00:07,059 - watchfiles.main - INFO - 1 change detected
2026-03-17 08:00:09,953 - watchfiles.main - INFO - 5 changes detected
2026-03-17 08:00:10,809 - watchfiles.main - INFO - 1 change detected
2026-03-17 08:00:10,841 - main - INFO - Starting spoXpro Backend v1.0.0
2026-03-17 08:00:10,842 - main - INFO - Need inizializate DB
2026-03-17 08:00:21,945 - watchfiles.main - INFO - 1 change detected
2026-03-17 08:00:36,981 - watchfiles.main - INFO - 1 change detected
2026-03-17 08:00:52,036 - watchfiles.main - INFO - 1 change detected
2026-03-17 08:01:07,044 - watchfiles.main - INFO - 1 change detected
2026-03-17 08:01:22,091 - watchfiles.main - INFO - 1 change detected
2026-03-17 08:01:37,187 - watchfiles.main - INFO - 1 change detected
2026-03-17 08:01:52,208 - watchfiles.main - INFO - 1 change detected
2026-03-17 08:01:53,298 - watchfiles.main - INFO - 1 change detected
2026-03-17 08:01:56,588 - api - INFO - API Request: GET /store/category
2026-03-17 08:01:56,619 - api - INFO - API Request: GET /store/product
2026-03-17 08:01:56,625 - api - INFO - API Request: GET /basket/score_basket
2026-03-17 08:01:56,663 - api - INFO - API Response: GET /store/category - 200 (0.075s)
2026-03-17 08:01:56,669 - api - INFO - API Response: GET /store/product - 200 (0.049s)
2026-03-17 08:01:56,670 - api - INFO - API Response: GET /basket/score_basket - 200 (0.045s)
2026-03-17 08:01:56,685 - api - INFO - API Request: GET /store/category
2026-03-17 08:01:56,696 - api - INFO - API Request: GET /store/product
2026-03-17 08:01:56,697 - api - INFO - API Request: GET /basket/score_basket
2026-03-17 08:01:56,709 - api - INFO - API Response: GET /store/category - 200 (0.024s)
2026-03-17 08:01:56,724 - api - INFO - API Response: GET /store/product - 200 (0.028s)
2026-03-17 08:01:56,725 - api - INFO - API Response: GET /basket/score_basket - 200 (0.028s)
2026-03-17 08:01:56,746 - api - INFO - API Request: GET /review/product_review
2026-03-17 08:01:56,758 - api - INFO - API Response: GET /review/product_review - 200 (0.011s)
2026-03-17 08:01:56,762 - api - INFO - API Request: GET /review/product_review
2026-03-17 08:01:56,767 - api - INFO - API Response: GET /review/product_review - 200 (0.005s)
2026-03-17 08:01:57,229 - api - INFO - API Request: GET /store/category
2026-03-17 08:01:57,231 - api - INFO - API Request: GET /basket/score_basket
2026-03-17 08:01:57,239 - api - INFO - API Response: GET /store/category - 200 (0.010s)
2026-03-17 08:01:57,241 - api - INFO - API Response: GET /basket/score_basket - 200 (0.010s)
2026-03-17 08:01:57,249 - api - INFO - API Request: GET /store/category
2026-03-17 08:01:57,252 - api - INFO - API Request: GET /basket/score_basket
2026-03-17 08:01:57,261 - api - INFO - API Response: GET /store/category - 200 (0.012s)
2026-03-17 08:01:57,263 - api - INFO - API Response: GET /basket/score_basket - 200 (0.011s)
2026-03-17 08:02:02,089 - main - INFO - Application shutdown completed
2026-03-17 08:02:48,984 - main - INFO - Starting spoXpro Backend v1.0.0
2026-03-17 08:02:48,985 - main - INFO - Need inizializate DB
2026-03-17 08:02:49,217 - api - INFO - API Request: GET /store/category
2026-03-17 08:02:49,218 - api - INFO - API Request: GET /basket/score_basket
2026-03-17 08:02:49,219 - api - INFO - API Request: GET /store/product
2026-03-17 08:02:49,256 - api - INFO - API Response: GET /store/category - 200 (0.039s)
2026-03-17 08:02:49,258 - api - INFO - API Response: GET /basket/score_basket - 200 (0.040s)
2026-03-17 08:02:49,259 - api - INFO - API Response: GET /store/product - 200 (0.040s)
2026-03-17 08:02:49,268 - api - INFO - API Request: GET /store/category
2026-03-17 08:02:49,269 - api - INFO - API Request: GET /basket/score_basket
2026-03-17 08:02:49,270 - api - INFO - API Request: GET /store/product
2026-03-17 08:02:49,282 - api - INFO - API Response: GET /store/category - 200 (0.013s)
2026-03-17 08:02:49,283 - api - INFO - API Response: GET /basket/score_basket - 200 (0.014s)
2026-03-17 08:02:49,284 - api - INFO - API Response: GET /store/product - 200 (0.014s)
2026-03-17 08:02:49,292 - api - INFO - API Request: GET /review/product_review
2026-03-17 08:02:49,298 - api - INFO - API Response: GET /review/product_review - 200 (0.006s)
2026-03-17 08:02:49,301 - api - INFO - API Request: GET /review/product_review
2026-03-17 08:02:49,307 - api - INFO - API Response: GET /review/product_review - 200 (0.006s)
2026-03-17 08:03:05,272 - watchfiles.main - INFO - 4 changes detected
2026-03-17 08:03:08,815 - api - INFO - API Request: GET /basket/get_basket
2026-03-17 08:03:08,827 - api - INFO - API Response: GET /basket/get_basket - 200 (0.012s)
2026-03-17 08:03:08,830 - api - INFO - API Request: GET /basket/get_basket
2026-03-17 08:03:08,836 - api - INFO - API Response: GET /basket/get_basket - 200 (0.006s)
2026-03-17 08:03:10,148 - api - INFO - API Request: GET /user/check
2026-03-17 08:03:10,152 - api - INFO - API Response: GET /user/check - 200 (0.004s)
2026-03-17 08:03:10,174 - api - INFO - API Request: GET /user/info
2026-03-17 08:03:10,181 - api - INFO - API Request: GET /basket/get_order
2026-03-17 08:03:10,183 - api - INFO - API Request: GET /basket/get_basket
2026-03-17 08:03:10,195 - api - INFO - API Response: GET /user/info - 200 (0.020s)
2026-03-17 08:03:10,196 - api - INFO - API Response: GET /basket/get_order - 200 (0.015s)
2026-03-17 08:03:10,198 - api - INFO - API Response: GET /basket/get_basket - 200 (0.015s)
2026-03-17 08:03:10,204 - api - INFO - API Request: GET /user/info
2026-03-17 08:03:10,208 - api - INFO - API Request: GET /basket/get_order
2026-03-17 08:03:10,210 - api - INFO - API Request: GET /basket/get_basket
2026-03-17 08:03:10,219 - api - INFO - API Response: GET /user/info - 200 (0.015s)
2026-03-17 08:03:10,220 - api - INFO - API Response: GET /basket/get_order - 200 (0.012s)
2026-03-17 08:03:10,222 - api - INFO - API Response: GET /basket/get_basket - 200 (0.013s)
2026-03-17 08:03:10,660 - main - INFO - Application shutdown completed
2026-03-17 08:03:11,294 - watchfiles.main - INFO - 2 changes detected
2026-03-17 08:03:13,969 - watchfiles.main - INFO - 5 changes detected
2026-03-17 08:03:14,879 - watchfiles.main - INFO - 1 change detected
2026-03-17 08:03:14,944 - main - INFO - Starting spoXpro Backend v1.0.0
2026-03-17 08:03:14,945 - main - INFO - Need inizializate DB
2026-03-17 08:03:20,538 - watchfiles.main - INFO - 1 change detected
2026-03-17 08:03:35,344 - watchfiles.main - INFO - 1 change detected
2026-03-17 08:03:50,373 - watchfiles.main - INFO - 1 change detected
2026-03-17 08:04:05,426 - watchfiles.main - INFO - 1 change detected
2026-03-17 08:04:09,678 - watchfiles.main - INFO - 1 change detected
2026-03-17 08:04:15,586 - api - INFO - API Request: GET /store/category
2026-03-17 08:04:15,589 - api - INFO - API Request: GET /basket/score_basket
2026-03-17 08:04:15,641 - api - INFO - API Request: GET /basket/get_basket
2026-03-17 08:04:15,641 - api - INFO - API Request: GET /user/info
2026-03-17 08:04:15,642 - api - INFO - API Request: GET /basket/get_order
2026-03-17 08:04:15,708 - api - INFO - API Response: GET /store/category - 200 (0.122s)
2026-03-17 08:04:15,710 - api - INFO - API Response: GET /basket/score_basket - 200 (0.121s)
2026-03-17 08:04:15,740 - api - INFO - API Response: GET /basket/get_basket - 200 (0.098s)
2026-03-17 08:04:15,743 - api - INFO - API Response: GET /user/info - 200 (0.101s)
2026-03-17 08:04:15,744 - api - INFO - API Response: GET /basket/get_order - 200 (0.101s)
2026-03-17 08:04:15,798 - api - INFO - API Request: GET /store/category
2026-03-17 08:04:15,800 - api - INFO - API Request: GET /basket/score_basket
2026-03-17 08:04:15,813 - api - INFO - API Request: GET /basket/get_basket
2026-03-17 08:04:15,816 - api - INFO - API Request: GET /user/info
2026-03-17 08:04:15,817 - api - INFO - API Request: GET /basket/get_order
2026-03-17 08:04:15,882 - api - INFO - API Response: GET /store/category - 200 (0.084s)
2026-03-17 08:04:15,891 - api - INFO - API Response: GET /basket/score_basket - 200 (0.091s)
2026-03-17 08:04:15,905 - api - INFO - API Response: GET /basket/get_basket - 200 (0.091s)
2026-03-17 08:04:15,908 - api - INFO - API Response: GET /user/info - 200 (0.092s)
2026-03-17 08:04:15,917 - api - INFO - API Response: GET /basket/get_order - 200 (0.098s)
2026-03-17 08:04:16,574 - api - INFO - API Request: GET /store/category
2026-03-17 08:04:16,578 - api - INFO - API Request: GET /basket/score_basket
2026-03-17 08:04:16,584 - api - INFO - API Response: GET /store/category - 200 (0.010s)
2026-03-17 08:04:16,587 - api - INFO - API Response: GET /basket/score_basket - 200 (0.009s)
2026-03-17 08:04:16,592 - api - INFO - API Request: GET /store/category
2026-03-17 08:04:16,597 - api - INFO - API Request: GET /basket/score_basket
2026-03-17 08:04:16,603 - api - INFO - API Response: GET /store/category - 200 (0.011s)
2026-03-17 08:04:16,607 - api - INFO - API Response: GET /basket/score_basket - 200 (0.010s)
2026-03-17 08:04:23,003 - watchfiles.main - INFO - 4 changes detected
2026-03-17 08:04:44,309 - main - INFO - Starting spoXpro Backend v1.0.0
2026-03-17 08:04:44,310 - main - INFO - Need inizializate DB
2026-03-17 08:04:44,389 - api - INFO - API Request: GET /store/allproduct
2026-03-17 08:04:44,389 - api - INFO - API Request: GET /store/allproduct
2026-03-17 08:04:44,390 - api - INFO - API Request: GET /store/category
2026-03-17 08:04:44,425 - api - INFO - API Response: GET /store/allproduct - 200 (0.036s)
2026-03-17 08:04:44,426 - api - INFO - API Response: GET /store/allproduct - 200 (0.037s)
2026-03-17 08:04:44,426 - api - INFO - API Response: GET /store/category - 200 (0.036s)
2026-03-17 08:04:44,435 - api - INFO - API Request: GET /store/allproduct
2026-03-17 08:04:44,437 - api - INFO - API Request: GET /store/allproduct
2026-03-17 08:04:44,442 - api - INFO - API Request: GET /store/category
2026-03-17 08:04:44,450 - api - INFO - API Response: GET /store/allproduct - 200 (0.015s)
2026-03-17 08:04:44,453 - api - INFO - API Response: GET /store/allproduct - 200 (0.015s)
2026-03-17 08:04:44,455 - api - INFO - API Response: GET /store/category - 200 (0.013s)
2026-03-17 08:04:48,989 - api - INFO - API Request: GET /store/product
2026-03-17 08:04:49,004 - api - INFO - API Response: GET /store/product - 200 (0.014s)
2026-03-17 08:04:49,006 - api - INFO - API Request: GET /store/product
2026-03-17 08:04:49,010 - api - INFO - API Request: GET /review/product_review
2026-03-17 08:04:49,014 - api - INFO - API Response: GET /store/product - 200 (0.008s)
2026-03-17 08:04:49,017 - api - INFO - API Response: GET /review/product_review - 200 (0.007s)
2026-03-17 08:04:49,022 - api - INFO - API Request: GET /review/product_review
2026-03-17 08:04:49,026 - api - INFO - API Response: GET /review/product_review - 200 (0.004s)
2026-03-17 08:04:57,705 - api - INFO - API Request: GET /store/category
2026-03-17 08:04:57,709 - api - INFO - API Request: GET /store/allproduct
2026-03-17 08:04:57,716 - api - INFO - API Request: GET /store/allproduct
2026-03-17 08:04:57,720 - api - INFO - API Response: GET /store/category - 200 (0.015s)
2026-03-17 08:04:57,723 - api - INFO - API Response: GET /store/allproduct - 200 (0.014s)
2026-03-17 08:04:57,725 - api - INFO - API Response: GET /store/allproduct - 200 (0.009s)
2026-03-17 08:04:57,731 - api - INFO - API Request: GET /store/category
2026-03-17 08:04:57,734 - api - INFO - API Request: GET /store/allproduct
2026-03-17 08:04:57,739 - api - INFO - API Request: GET /store/allproduct
2026-03-17 08:04:57,743 - api - INFO - API Response: GET /store/category - 200 (0.012s)
2026-03-17 08:04:57,744 - api - INFO - API Response: GET /store/allproduct - 200 (0.010s)
2026-03-17 08:04:57,746 - api - INFO - API Response: GET /store/allproduct - 200 (0.007s)
2026-03-17 08:04:58,404 - api - INFO - API Request: GET /store/product
2026-03-17 08:04:58,409 - api - INFO - API Response: GET /store/product - 200 (0.005s)
2026-03-17 08:04:58,412 - api - INFO - API Request: GET /store/product
2026-03-17 08:04:58,417 - api - INFO - API Response: GET /store/product - 200 (0.005s)
2026-03-17 08:04:58,418 - api - INFO - API Request: GET /review/product_review
2026-03-17 08:04:58,422 - api - INFO - API Response: GET /review/product_review - 200 (0.004s)
2026-03-17 08:04:58,424 - api - INFO - API Request: GET /review/product_review
2026-03-17 08:04:58,428 - api - INFO - API Response: GET /review/product_review - 200 (0.004s)
2026-03-17 08:05:02,482 - api - INFO - API Request: GET /store/category
2026-03-17 08:05:02,485 - api - INFO - API Request: GET /store/allproduct
2026-03-17 08:05:02,486 - api - INFO - API Request: GET /store/allproduct
2026-03-17 08:05:02,495 - api - INFO - API Response: GET /store/category - 200 (0.013s)
2026-03-17 08:05:02,496 - api - INFO - API Response: GET /store/allproduct - 200 (0.011s)
2026-03-17 08:05:02,497 - api - INFO - API Response: GET /store/allproduct - 200 (0.011s)
2026-03-17 08:05:02,501 - api - INFO - API Request: GET /store/category
2026-03-17 08:05:02,504 - api - INFO - API Request: GET /store/allproduct
2026-03-17 08:05:02,511 - api - INFO - API Response: GET /store/category - 200 (0.010s)
2026-03-17 08:05:02,512 - api - INFO - API Response: GET /store/allproduct - 200 (0.008s)
2026-03-17 08:05:02,514 - api - INFO - API Request: GET /store/allproduct
2026-03-17 08:05:02,520 - api - INFO - API Response: GET /store/allproduct - 200 (0.006s)
2026-03-17 08:05:03,127 - api - INFO - API Request: GET /store/product
2026-03-17 08:05:03,132 - api - INFO - API Response: GET /store/product - 200 (0.005s)
2026-03-17 08:05:03,134 - api - INFO - API Request: GET /store/product
2026-03-17 08:05:03,138 - api - INFO - API Request: GET /review/product_review
2026-03-17 08:05:03,139 - api - INFO - API Response: GET /store/product - 200 (0.004s)
2026-03-17 08:05:03,143 - api - INFO - API Response: GET /review/product_review - 200 (0.004s)
2026-03-17 08:05:03,145 - api - INFO - API Request: GET /review/product_review
2026-03-17 08:05:03,149 - api - INFO - API Response: GET /review/product_review - 200 (0.004s)
2026-03-17 08:05:07,427 - api - INFO - API Request: GET /basket/get_basket
2026-03-17 08:05:07,443 - api - INFO - API Response: GET /basket/get_basket - 200 (0.015s)
2026-03-17 08:05:07,444 - api - INFO - API Request: GET /basket/get_basket
2026-03-17 08:05:07,451 - api - INFO - API Response: GET /basket/get_basket - 200 (0.007s)
2026-03-17 08:05:08,341 - api - INFO - API Request: GET /auth/csrf-token
2026-03-17 08:05:08,343 - api - INFO - API Response: GET /auth/csrf-token - 200 (0.002s)
2026-03-17 08:05:08,665 - api - INFO - API Request: DELETE /basket/delete
2026-03-17 08:05:08,677 - api - INFO - API Response: DELETE /basket/delete - 200 (0.012s)
2026-03-17 08:05:08,774 - watchfiles.main - INFO - 1 change detected
2026-03-17 08:06:41,594 - watchfiles.main - INFO - 1 change detected
2026-03-17 08:06:44,050 - watchfiles.main - INFO - 1 change detected
2026-03-17 08:06:59,094 - watchfiles.main - INFO - 1 change detected
2026-03-17 08:07:14,160 - watchfiles.main - INFO - 1 change detected
2026-03-17 08:07:29,165 - watchfiles.main - INFO - 1 change detected
2026-03-17 08:07:44,235 - watchfiles.main - INFO - 1 change detected
2026-03-17 08:07:59,252 - watchfiles.main - INFO - 1 change detected
2026-03-17 08:08:14,337 - watchfiles.main - INFO - 1 change detected
2026-03-17 08:08:29,378 - watchfiles.main - INFO - 1 change detected
2026-03-17 08:08:44,403 - watchfiles.main - INFO - 1 change detected
2026-03-17 08:08:59,441 - watchfiles.main - INFO - 1 change detected
2026-03-17 08:09:14,457 - watchfiles.main - INFO - 1 change detected
2026-03-17 08:09:29,524 - watchfiles.main - INFO - 1 change detected
2026-03-17 08:09:44,574 - watchfiles.main - INFO - 1 change detected
2026-03-17 08:09:53,559 - watchfiles.main - INFO - 1 change detected
2026-03-17 08:13:27,389 - main - INFO - Application shutdown completed
2026-03-17 08:13:28,016 - watchfiles.main - INFO - 4 changes detected
2026-03-17 08:14:58,257 - main - INFO - Starting spoXpro Backend v1.0.0
2026-03-17 08:14:58,258 - main - INFO - Need inizializate DB
2026-03-17 08:14:58,297 - watchfiles.main - INFO - 5 changes detected
2026-03-17 08:21:41,592 - watchfiles.main - INFO - 1 change detected
2026-03-17 08:21:44,105 - watchfiles.main - INFO - 1 change detected
2026-03-17 08:21:59,143 - watchfiles.main - INFO - 1 change detected
2026-03-17 08:22:14,234 - watchfiles.main - INFO - 1 change detected
2026-03-17 08:22:29,237 - watchfiles.main - INFO - 1 change detected
2026-03-17 08:22:44,288 - watchfiles.main - INFO - 1 change detected
2026-03-17 08:22:59,320 - watchfiles.main - INFO - 1 change detected
2026-03-17 08:23:14,483 - watchfiles.main - INFO - 1 change detected
2026-03-17 08:23:29,542 - watchfiles.main - INFO - 1 change detected
2026-03-17 08:23:40,888 - api - INFO - API Request: GET /store/category
2026-03-17 08:23:40,889 - api - INFO - API Request: GET /basket/score_basket
2026-03-17 08:23:40,899 - api - INFO - API Response: GET /store/category - 200 (0.012s)
2026-03-17 08:23:40,901 - api - INFO - API Response: GET /basket/score_basket - 200 (0.013s)
2026-03-17 08:23:44,585 - watchfiles.main - INFO - 1 change detected
2026-03-17 08:23:59,640 - watchfiles.main - INFO - 1 change detected
2026-03-17 08:24:14,639 - watchfiles.main - INFO - 1 change detected
2026-03-17 08:24:29,721 - watchfiles.main - INFO - 1 change detected
2026-03-17 08:24:44,753 - watchfiles.main - INFO - 1 change detected
2026-03-17 08:24:59,804 - watchfiles.main - INFO - 1 change detected
2026-03-17 08:25:14,864 - watchfiles.main - INFO - 1 change detected
2026-03-17 08:25:29,868 - watchfiles.main - INFO - 1 change detected
2026-03-17 08:25:44,945 - watchfiles.main - INFO - 1 change detected
2026-03-17 08:26:00,013 - watchfiles.main - INFO - 1 change detected
2026-03-17 08:26:15,013 - watchfiles.main - INFO - 1 change detected
2026-03-17 08:26:30,108 - watchfiles.main - INFO - 1 change detected
2026-03-17 08:26:45,147 - watchfiles.main - INFO - 1 change detected
2026-03-17 08:27:00,205 - watchfiles.main - INFO - 1 change detected
2026-03-17 08:27:01,805 - api - INFO - API Request: GET /store/category
2026-03-17 08:27:01,806 - api - INFO - API Request: GET /store/allproduct
2026-03-17 08:27:01,806 - api - INFO - API Request: GET /store/allproduct
2026-03-17 08:27:01,827 - api - INFO - API Response: GET /store/category - 200 (0.021s)
2026-03-17 08:27:01,829 - api - INFO - API Response: GET /store/allproduct - 200 (0.022s)
2026-03-17 08:27:01,829 - api - INFO - API Response: GET /store/allproduct - 200 (0.022s)
2026-03-17 08:27:01,837 - api - INFO - API Request: GET /store/category
2026-03-17 08:27:01,841 - api - INFO - API Request: GET /store/allproduct
2026-03-17 08:27:01,843 - api - INFO - API Request: GET /store/allproduct
2026-03-17 08:27:01,851 - api - INFO - API Response: GET /store/category - 200 (0.014s)
2026-03-17 08:27:01,854 - api - INFO - API Response: GET /store/allproduct - 200 (0.014s)
2026-03-17 08:27:01,854 - api - INFO - API Response: GET /store/allproduct - 200 (0.013s)
2026-03-17 08:27:15,211 - watchfiles.main - INFO - 1 change detected
2026-03-17 08:27:30,296 - watchfiles.main - INFO - 1 change detected
2026-03-17 08:27:45,323 - watchfiles.main - INFO - 1 change detected
2026-03-17 08:28:00,367 - watchfiles.main - INFO - 1 change detected
2026-03-17 08:28:15,424 - watchfiles.main - INFO - 1 change detected
2026-03-17 08:28:30,476 - watchfiles.main - INFO - 1 change detected
2026-03-17 08:28:45,512 - watchfiles.main - INFO - 1 change detected
2026-03-17 08:29:00,526 - watchfiles.main - INFO - 1 change detected
2026-03-17 08:29:15,597 - watchfiles.main - INFO - 1 change detected
2026-03-17 08:29:30,623 - watchfiles.main - INFO - 1 change detected
2026-03-17 08:29:45,691 - watchfiles.main - INFO - 1 change detected
2026-03-17 08:30:00,680 - watchfiles.main - INFO - 1 change detected
2026-03-17 08:30:01,576 - api - INFO - API Request: GET /image-manager/12
2026-03-17 08:30:01,606 - api - INFO - API Response: GET /image-manager/12 - 200 (0.031s)
2026-03-17 08:30:01,663 - api - INFO - API Request: GET /upload_dir/images/5b4a1865-b9d1-4800-9487-4aaf309ce3a0.webp
2026-03-17 08:30:01,665 - api - INFO - API Request: GET /upload_dir/images/bfd5b1c3-019b-49d1-9334-f1544582aeaf.webp
2026-03-17 08:30:01,705 - api - INFO - API Response: GET /upload_dir/images/bfd5b1c3-019b-49d1-9334-f1544582aeaf.webp - 404 (0.041s)
2026-03-17 08:30:01,722 - api - INFO - API Response: GET /upload_dir/images/5b4a1865-b9d1-4800-9487-4aaf309ce3a0.webp - 404 (0.050s)
2026-03-17 08:30:02,860 - api - INFO - API Request: GET /upload_dir/images/15c8e3b7-89be-4a8b-a61c-9f426845f667.webp
2026-03-17 08:30:02,862 - api - INFO - API Request: GET /upload_dir/images/13f4bf07-832c-433f-af31-4740608df0b5.webp
2026-03-17 08:30:02,873 - api - INFO - API Response: GET /upload_dir/images/13f4bf07-832c-433f-af31-4740608df0b5.webp - 404 (0.011s)
2026-03-17 08:30:02,874 - api - INFO - API Response: GET /upload_dir/images/15c8e3b7-89be-4a8b-a61c-9f426845f667.webp - 404 (0.014s)
2026-03-17 08:30:02,891 - api - INFO - API Request: GET /upload_dir/images/fbde7864-0d5f-447f-91a3-d71b3e9883b5.webp
2026-03-17 08:30:02,896 - api - INFO - API Request: GET /upload_dir/images/5940e8cb-e0e3-4821-a1e3-b3d31058e3ea.webp
2026-03-17 08:30:02,900 - api - INFO - API Request: GET /upload_dir/images/02eae8f8-c076-4497-9b73-fe716c404d94.webp
2026-03-17 08:30:02,911 - api - INFO - API Response: GET /upload_dir/images/5940e8cb-e0e3-4821-a1e3-b3d31058e3ea.webp - 404 (0.015s)
2026-03-17 08:30:02,912 - api - INFO - API Response: GET /upload_dir/images/fbde7864-0d5f-447f-91a3-d71b3e9883b5.webp - 404 (0.021s)
2026-03-17 08:30:02,916 - api - INFO - API Response: GET /upload_dir/images/02eae8f8-c076-4497-9b73-fe716c404d94.webp - 404 (0.015s)
2026-03-17 08:30:02,926 - api - INFO - API Request: GET /upload_dir/images/92ecf2dd-ef91-4119-a6a2-0a0ddc846a9b.webp
2026-03-17 08:30:02,927 - api - INFO - API Request: GET /upload_dir/images/782d93b9-a0d6-4732-8001-fbd552862d39.webp
2026-03-17 08:30:02,941 - api - INFO - API Response: GET /upload_dir/images/92ecf2dd-ef91-4119-a6a2-0a0ddc846a9b.webp - 404 (0.014s)
2026-03-17 08:30:02,942 - api - INFO - API Response: GET /upload_dir/images/782d93b9-a0d6-4732-8001-fbd552862d39.webp - 404 (0.015s)
2026-03-17 08:30:06,405 - api - INFO - API Request: POST /image-manager/12/delete
2026-03-17 08:30:06,433 - api - INFO - API Response: POST /image-manager/12/delete - 303 (0.028s)
2026-03-17 08:30:06,444 - api - INFO - API Request: GET /image-manager/12
2026-03-17 08:30:06,462 - api - INFO - API Response: GET /image-manager/12 - 200 (0.018s)
2026-03-17 08:30:06,554 - api - INFO - API Request: GET /upload_dir/images/5b4a1865-b9d1-4800-9487-4aaf309ce3a0.webp
2026-03-17 08:30:06,568 - api - INFO - API Request: GET /upload_dir/images/bfd5b1c3-019b-49d1-9334-f1544582aeaf.webp
2026-03-17 08:30:06,582 - watchfiles.main - INFO - 1 change detected
2026-03-17 08:30:06,637 - api - INFO - API Request: GET /upload_dir/images/15c8e3b7-89be-4a8b-a61c-9f426845f667.webp
2026-03-17 08:30:06,639 - api - INFO - API Request: GET /upload_dir/images/13f4bf07-832c-433f-af31-4740608df0b5.webp
2026-03-17 08:30:06,642 - api - INFO - API Request: GET /upload_dir/images/fbde7864-0d5f-447f-91a3-d71b3e9883b5.webp
2026-03-17 08:30:06,688 - api - INFO - API Response: GET /upload_dir/images/bfd5b1c3-019b-49d1-9334-f1544582aeaf.webp - 404 (0.120s)
2026-03-17 08:30:06,704 - api - INFO - API Response: GET /upload_dir/images/15c8e3b7-89be-4a8b-a61c-9f426845f667.webp - 404 (0.067s)
2026-03-17 08:30:06,705 - api - INFO - API Response: GET /upload_dir/images/13f4bf07-832c-433f-af31-4740608df0b5.webp - 404 (0.066s)
2026-03-17 08:30:06,706 - api - INFO - API Response: GET /upload_dir/images/5b4a1865-b9d1-4800-9487-4aaf309ce3a0.webp - 404 (0.152s)
2026-03-17 08:30:06,720 - api - INFO - API Response: GET /upload_dir/images/fbde7864-0d5f-447f-91a3-d71b3e9883b5.webp - 404 (0.078s)
2026-03-17 08:30:06,740 - api - INFO - API Request: GET /upload_dir/images/5940e8cb-e0e3-4821-a1e3-b3d31058e3ea.webp
2026-03-17 08:30:06,741 - api - INFO - API Request: GET /upload_dir/images/92ecf2dd-ef91-4119-a6a2-0a0ddc846a9b.webp
2026-03-17 08:30:06,743 - api - INFO - API Request: GET /upload_dir/images/02eae8f8-c076-4497-9b73-fe716c404d94.webp
2026-03-17 08:30:06,789 - api - INFO - API Response: GET /upload_dir/images/02eae8f8-c076-4497-9b73-fe716c404d94.webp - 404 (0.046s)
2026-03-17 08:30:06,790 - api - INFO - API Response: GET /upload_dir/images/5940e8cb-e0e3-4821-a1e3-b3d31058e3ea.webp - 404 (0.050s)
2026-03-17 08:30:06,806 - api - INFO - API Response: GET /upload_dir/images/92ecf2dd-ef91-4119-a6a2-0a0ddc846a9b.webp - 404 (0.065s)
2026-03-17 08:30:15,741 - watchfiles.main - INFO - 1 change detected
2026-03-17 08:30:30,805 - watchfiles.main - INFO - 1 change detected
2026-03-17 08:30:45,848 - watchfiles.main - INFO - 1 change detected
2026-03-17 08:31:00,896 - watchfiles.main - INFO - 1 change detected
2026-03-17 08:31:15,969 - watchfiles.main - INFO - 1 change detected
2026-03-17 08:31:30,991 - watchfiles.main - INFO - 1 change detected
2026-03-17 08:31:46,045 - watchfiles.main - INFO - 1 change detected
2026-03-17 08:32:01,104 - watchfiles.main - INFO - 1 change detected
2026-03-17 08:32:16,147 - watchfiles.main - INFO - 1 change detected
2026-03-17 08:32:28,374 - api - INFO - API Request: GET /basket/score_basket
2026-03-17 08:32:28,375 - api - INFO - API Request: GET /store/category
2026-03-17 08:32:28,381 - api - INFO - API Response: GET /basket/score_basket - 401 (0.007s)
2026-03-17 08:32:28,383 - api - INFO - API Response: GET /store/category - 200 (0.008s)
2026-03-17 08:32:28,389 - api - INFO - API Request: GET /basket/score_basket
2026-03-17 08:32:28,393 - api - INFO - API Request: GET /store/category
2026-03-17 08:32:28,396 - api - INFO - API Response: GET /basket/score_basket - 401 (0.006s)
2026-03-17 08:32:28,399 - api - INFO - API Response: GET /store/category - 200 (0.007s)
2026-03-17 08:32:28,837 - api - INFO - API Request: POST /auth/refresh
2026-03-17 08:32:28,839 - api - INFO - API Response: POST /auth/refresh - 200 (0.002s)
2026-03-17 08:32:28,847 - api - INFO - API Request: GET /basket/score_basket
2026-03-17 08:32:28,851 - api - INFO - API Response: GET /basket/score_basket - 200 (0.004s)
2026-03-17 08:32:28,853 - api - INFO - API Request: GET /basket/score_basket
2026-03-17 08:32:28,857 - api - INFO - API Response: GET /basket/score_basket - 200 (0.003s)
2026-03-17 08:32:31,204 - watchfiles.main - INFO - 1 change detected
2026-03-17 08:32:46,260 - watchfiles.main - INFO - 1 change detected
2026-03-17 08:33:01,297 - watchfiles.main - INFO - 1 change detected
2026-03-17 08:33:16,395 - watchfiles.main - INFO - 1 change detected
2026-03-17 08:33:31,442 - watchfiles.main - INFO - 1 change detected
2026-03-17 08:33:46,461 - watchfiles.main - INFO - 1 change detected
2026-03-17 08:34:01,510 - watchfiles.main - INFO - 1 change detected
2026-03-17 08:34:16,573 - watchfiles.main - INFO - 1 change detected
2026-03-17 08:34:31,618 - watchfiles.main - INFO - 1 change detected
2026-03-17 08:34:46,671 - watchfiles.main - INFO - 1 change detected
2026-03-17 08:35:01,736 - watchfiles.main - INFO - 1 change detected
2026-03-17 08:35:16,784 - watchfiles.main - INFO - 1 change detected
2026-03-17 08:35:31,813 - watchfiles.main - INFO - 1 change detected
2026-03-17 08:35:46,881 - watchfiles.main - INFO - 1 change detected
2026-03-17 08:36:01,895 - watchfiles.main - INFO - 1 change detected
2026-03-17 08:36:16,934 - watchfiles.main - INFO - 1 change detected
2026-03-17 08:36:31,974 - watchfiles.main - INFO - 1 change detected
2026-03-17 08:36:41,672 - watchfiles.main - INFO - 1 change detected
2026-03-17 08:36:47,331 - watchfiles.main - INFO - 1 change detected
2026-03-17 08:37:02,103 - watchfiles.main - INFO - 1 change detected
2026-03-17 08:37:17,090 - watchfiles.main - INFO - 1 change detected
2026-03-17 08:37:32,139 - watchfiles.main - INFO - 1 change detected
2026-03-17 08:37:47,205 - watchfiles.main - INFO - 1 change detected
2026-03-17 08:38:02,233 - watchfiles.main - INFO - 1 change detected
2026-03-17 08:38:17,289 - watchfiles.main - INFO - 1 change detected
2026-03-17 08:38:32,364 - watchfiles.main - INFO - 1 change detected
2026-03-17 08:38:47,392 - watchfiles.main - INFO - 1 change detected
2026-03-17 08:39:02,430 - watchfiles.main - INFO - 1 change detected
2026-03-17 08:39:17,488 - watchfiles.main - INFO - 1 change detected
2026-03-17 08:39:32,509 - watchfiles.main - INFO - 1 change detected
2026-03-17 08:39:47,583 - watchfiles.main - INFO - 1 change detected
2026-03-17 08:40:02,620 - watchfiles.main - INFO - 1 change detected
2026-03-17 08:40:07,710 - watchfiles.main - INFO - 1 change detected
2026-03-17 08:44:06,248 - main - INFO - Application shutdown completed
2026-03-17 08:44:21,375 - main - INFO - Starting spoXpro Backend v1.0.0
2026-03-17 08:44:21,377 - main - INFO - Need inizializate DB
2026-03-17 08:44:39,220 - api - INFO - API Request: GET /store/category
2026-03-17 08:44:39,223 - api - INFO - API Request: GET /basket/score_basket
2026-03-17 08:44:39,247 - api - INFO - API Response: GET /store/category - 200 (0.027s)
2026-03-17 08:44:39,249 - api - INFO - API Response: GET /basket/score_basket - 200 (0.026s)
2026-03-17 08:44:46,662 - watchfiles.main - INFO - 1 change detected
2026-03-17 08:44:46,884 - main - INFO - Application shutdown completed
2026-03-17 08:44:47,965 - watchfiles.main - INFO - 1 change detected
2026-03-17 08:44:48,861 - watchfiles.main - INFO - 1 change detected
2026-03-17 08:44:51,295 - watchfiles.main - INFO - 5 changes detected
2026-03-17 08:44:54,075 - watchfiles.main - INFO - 1 change detected
2026-03-17 08:44:54,139 - main - INFO - Starting spoXpro Backend v1.0.0
2026-03-17 08:44:54,140 - main - INFO - Need inizializate DB
2026-03-17 08:45:08,965 - api - INFO - API Request: GET /basket/score_basket
2026-03-17 08:45:08,966 - api - INFO - API Request: GET /store/category
2026-03-17 08:45:08,995 - api - INFO - API Response: GET /basket/score_basket - 200 (0.031s)
2026-03-17 08:45:08,999 - api - INFO - API Response: GET /store/category - 200 (0.032s)
2026-03-17 08:45:09,003 - api - INFO - API Request: GET /basket/score_basket
2026-03-17 08:45:09,006 - api - INFO - API Response: GET /basket/score_basket - 200 (0.004s)
2026-03-17 08:45:09,009 - api - INFO - API Request: GET /store/category
2026-03-17 08:45:09,015 - api - INFO - API Response: GET /store/category - 200 (0.006s)
2026-03-17 08:46:00,004 - api - INFO - API Request: GET /store/category
2026-03-17 08:46:00,015 - api - INFO - API Request: GET /basket/score_basket
2026-03-17 08:46:00,027 - api - INFO - API Response: GET /store/category - 200 (0.019s)
2026-03-17 08:46:00,038 - api - INFO - API Response: GET /basket/score_basket - 200 (0.024s)
2026-03-17 08:46:00,047 - api - INFO - API Request: GET /store/category
2026-03-17 08:46:00,068 - api - INFO - API Request: GET /basket/score_basket
2026-03-17 08:46:00,068 - api - INFO - API Response: GET /store/category - 200 (0.021s)
2026-03-17 08:46:00,079 - api - INFO - API Response: GET /basket/score_basket - 200 (0.011s)
2026-03-17 08:46:04,713 - watchfiles.main - INFO - 1 change detected
2026-03-17 08:46:06,579 - api - INFO - API Request: GET /store/category
2026-03-17 08:46:06,579 - api - INFO - API Request: GET /store/allproduct
2026-03-17 08:46:06,579 - api - INFO - API Request: GET /store/allproduct
2026-03-17 08:46:06,607 - api - INFO - API Response: GET /store/category - 200 (0.027s)
2026-03-17 08:46:06,609 - api - INFO - API Response: GET /store/allproduct - 200 (0.029s)
2026-03-17 08:46:06,609 - api - INFO - API Response: GET /store/allproduct - 200 (0.029s)
2026-03-17 08:46:06,618 - api - INFO - API Request: GET /store/category
2026-03-17 08:46:06,623 - api - INFO - API Request: GET /store/allproduct
2026-03-17 08:46:06,623 - api - INFO - API Request: GET /store/allproduct
2026-03-17 08:46:06,625 - api - INFO - API Response: GET /store/category - 200 (0.007s)
2026-03-17 08:46:06,627 - api - INFO - API Response: GET /store/allproduct - 200 (0.006s)
2026-03-17 08:46:06,627 - api - INFO - API Response: GET /store/allproduct - 200 (0.003s)
2026-03-17 08:46:08,334 - api - INFO - API Request: GET /store/product
2026-03-17 08:46:08,344 - api - INFO - API Response: GET /store/product - 200 (0.011s)
2026-03-17 08:46:08,349 - api - INFO - API Request: GET /store/product
2026-03-17 08:46:08,355 - api - INFO - API Response: GET /store/product - 200 (0.005s)
2026-03-17 08:46:08,357 - api - INFO - API Request: GET /review/product_review
2026-03-17 08:46:08,363 - api - INFO - API Response: GET /review/product_review - 200 (0.006s)
2026-03-17 08:46:08,366 - api - INFO - API Request: GET /review/product_review
2026-03-17 08:46:08,369 - api - INFO - API Response: GET /review/product_review - 200 (0.003s)
2026-03-17 08:46:10,574 - api - INFO - API Request: GET /store/category
2026-03-17 08:46:10,576 - api - INFO - API Request: GET /store/allproduct
2026-03-17 08:46:10,579 - api - INFO - API Request: GET /store/allproduct
2026-03-17 08:46:10,589 - api - INFO - API Response: GET /store/category - 200 (0.014s)
2026-03-17 08:46:10,592 - api - INFO - API Response: GET /store/allproduct - 200 (0.016s)
2026-03-17 08:46:10,593 - api - INFO - API Response: GET /store/allproduct - 200 (0.014s)
2026-03-17 08:46:10,596 - api - INFO - API Request: GET /store/category
2026-03-17 08:46:10,602 - api - INFO - API Request: GET /store/allproduct
2026-03-17 08:46:10,608 - api - INFO - API Response: GET /store/category - 200 (0.012s)
2026-03-17 08:46:10,610 - api - INFO - API Request: GET /store/allproduct
2026-03-17 08:46:10,611 - api - INFO - API Response: GET /store/allproduct - 200 (0.009s)
2026-03-17 08:46:10,612 - api - INFO - API Response: GET /store/allproduct - 200 (0.002s)
2026-03-17 08:46:11,814 - api - INFO - API Request: GET /basket/get_basket
2026-03-17 08:46:11,829 - api - INFO - API Response: GET /basket/get_basket - 200 (0.015s)
2026-03-17 08:46:11,833 - api - INFO - API Request: GET /basket/get_basket
2026-03-17 08:46:11,841 - api - INFO - API Response: GET /basket/get_basket - 200 (0.007s)
2026-03-17 08:46:12,915 - api - INFO - API Request: GET /store/category
2026-03-17 08:46:12,919 - api - INFO - API Request: GET /store/allproduct
2026-03-17 08:46:12,921 - api - INFO - API Request: GET /store/allproduct
2026-03-17 08:46:12,932 - api - INFO - API Response: GET /store/category - 200 (0.017s)
2026-03-17 08:46:12,935 - api - INFO - API Response: GET /store/allproduct - 200 (0.016s)
2026-03-17 08:46:12,936 - api - INFO - API Response: GET /store/allproduct - 200 (0.015s)
2026-03-17 08:46:12,940 - api - INFO - API Request: GET /store/category
2026-03-17 08:46:12,944 - api - INFO - API Request: GET /store/allproduct
2026-03-17 08:46:12,951 - api - INFO - API Response: GET /store/category - 200 (0.010s)
2026-03-17 08:46:12,952 - api - INFO - API Request: GET /store/allproduct
2026-03-17 08:46:12,954 - api - INFO - API Response: GET /store/allproduct - 200 (0.010s)
2026-03-17 08:46:12,965 - api - INFO - API Response: GET /store/allproduct - 200 (0.013s)
2026-03-17 08:46:13,690 - api - INFO - API Request: GET /store/product
2026-03-17 08:46:13,695 - api - INFO - API Response: GET /store/product - 200 (0.006s)
2026-03-17 08:46:13,700 - api - INFO - API Request: GET /store/product
2026-03-17 08:46:13,706 - api - INFO - API Response: GET /store/product - 200 (0.006s)
2026-03-17 08:46:13,709 - api - INFO - API Request: GET /review/product_review
2026-03-17 08:46:13,713 - api - INFO - API Response: GET /review/product_review - 200 (0.004s)
2026-03-17 08:46:13,716 - api - INFO - API Request: GET /review/product_review
2026-03-17 08:46:13,719 - api - INFO - API Response: GET /review/product_review - 200 (0.003s)
2026-03-17 08:46:15,736 - api - INFO - API Request: GET /auth/csrf-token
2026-03-17 08:46:15,738 - api - INFO - API Response: GET /auth/csrf-token - 200 (0.002s)
2026-03-17 08:46:16,055 - api - INFO - API Request: POST /basket/add
2026-03-17 08:46:16,075 - api - INFO - API Response: POST /basket/add - 200 (0.019s)
2026-03-17 08:46:16,126 - watchfiles.main - INFO - 1 change detected
2026-03-17 08:46:16,782 - api - INFO - API Request: GET /basket/get_basket
2026-03-17 08:46:16,791 - api - INFO - API Response: GET /basket/get_basket - 200 (0.009s)
2026-03-17 08:46:16,797 - api - INFO - API Request: GET /basket/get_basket
2026-03-17 08:46:16,809 - api - INFO - API Response: GET /basket/get_basket - 200 (0.012s)
2026-03-17 08:46:18,408 - api - INFO - API Request: GET /user/check
2026-03-17 08:46:18,412 - api - INFO - API Response: GET /user/check - 200 (0.004s)
2026-03-17 08:46:18,441 - api - INFO - API Request: GET /user/info
2026-03-17 08:46:18,447 - api - INFO - API Request: GET /basket/get_order
2026-03-17 08:46:18,448 - api - INFO - API Request: GET /basket/get_basket
2026-03-17 08:46:18,462 - api - INFO - API Response: GET /user/info - 200 (0.021s)
2026-03-17 08:46:18,464 - api - INFO - API Response: GET /basket/get_order - 200 (0.017s)
2026-03-17 08:46:18,466 - api - INFO - API Response: GET /basket/get_basket - 200 (0.017s)
2026-03-17 08:46:18,470 - api - INFO - API Request: GET /user/info
2026-03-17 08:46:18,474 - api - INFO - API Request: GET /basket/get_order
2026-03-17 08:46:18,476 - api - INFO - API Request: GET /basket/get_basket
2026-03-17 08:46:18,483 - api - INFO - API Response: GET /user/info - 200 (0.013s)
2026-03-17 08:46:18,485 - api - INFO - API Response: GET /basket/get_order - 200 (0.011s)
2026-03-17 08:46:18,485 - api - INFO - API Response: GET /basket/get_basket - 200 (0.009s)
2026-03-17 08:46:19,749 - watchfiles.main - INFO - 1 change detected
2026-03-17 08:46:26,179 - watchfiles.main - INFO - 1 change detected
2026-03-17 08:46:27,897 - api - INFO - API Request: GET /auth/csrf-token
2026-03-17 08:46:27,899 - api - INFO - API Response: GET /auth/csrf-token - 200 (0.002s)
2026-03-17 08:46:27,964 - api - INFO - API Request: DELETE /basket/delete
2026-03-17 08:46:27,978 - api - INFO - API Response: DELETE /basket/delete - 200 (0.014s)
2026-03-17 08:46:28,070 - watchfiles.main - INFO - 1 change detected
2026-03-17 08:46:36,336 - watchfiles.main - INFO - 1 change detected
2026-03-17 08:46:36,700 - watchfiles.main - INFO - 1 change detected
2026-03-17 08:46:59,395 - watchfiles.main - INFO - 16 changes detected
2026-03-17 08:49:16,957 - main - INFO - Starting spoXpro Backend v1.0.0
2026-03-17 08:49:16,958 - main - INFO - Need inizializate DB
2026-03-17 08:49:19,174 - watchfiles.main - INFO - 1 change detected
2026-03-17 08:49:24,883 - main - INFO - Application shutdown completed
2026-03-17 08:51:13,754 - routes.user - ERROR - 'data'
2026-03-17 08:51:13,799 - routes.user - ERROR - 'data'
2026-03-17 08:51:24,988 - routes.user - ERROR - 'data'
2026-03-17 08:51:24,992 - routes.user - ERROR - 'data'
